fecha_hora,temp,dwpt,rhum,wspd,pres,prcp,snow,tsun,coco,visibilidad,sensacionTermica,uvIndex,province,wdir,wpgt
2025-11-06 00:00:00,8.0,4.0,76.0,13.3,1020.1,0.0,0.0,0.0,3,17.0,5.7,0.0,Santa Cruz,62.0,
2025-11-06 01:00:00,7.7,4.1,78.0,9.7,1020.2,0.0,0.0,0.0,3,17.0,5.9,0.0,Santa Cruz,82.0,
2025-11-06 02:00:00,7.4,4.2,80.0,10.1,1019.9,0.0,0.0,0.0,3,17.0,5.5,0.0,Santa Cruz,136.0,
2025-11-06 03:00:00,7.1,4.2,82.0,8.6,1019.4,0.0,0.0,0.0,2,2.0,5.5,0.0,Santa Cruz,155.0,
2025-11-06 04:00:00,7.2,3.1,75.0,5.8,1018.9,0.0,0.0,0.0,1,19.0,6.3,0.0,Santa Cruz,260.0,
2025-11-06 05:00:00,6.9,2.4,73.0,6.8,1018.9,0.0,0.0,0.0,1,19.0,5.7,0.0,Santa Cruz,222.0,
2025-11-06 06:00:00,6.4,2.5,76.0,9.0,1018.9,0.0,0.0,0.0,1,17.0,4.5,0.0,Santa Cruz,204.0,
2025-11-06 07:00:00,7.5,2.2,69.0,15.1,1019.2,0.0,0.0,0.0,3,19.0,4.8,0.4,Santa Cruz,203.0,
2025-11-06 08:00:00,9.2,2.7,64.0,16.6,1019.5,0.0,0.0,0.0,3,22.0,6.7,1.1,Santa Cruz,178.0,
2025-11-06 09:00:00,10.0,3.1,62.0,15.5,1019.6,0.0,0.0,0.0,1,22.0,7.9,3.4,Santa Cruz,154.0,
2025-11-06 10:00:00,10.5,3.3,61.0,15.5,1019.6,0.0,0.0,0.0,1,22.0,6.0,6.2,Santa Cruz,138.0,
2025-11-06 11:00:00,10.9,3.4,60.0,16.9,1019.4,0.0,0.0,0.0,1,22.0,6.2,9.3,Santa Cruz,123.0,
2025-11-06 12:00:00,11.1,3.6,60.0,22.3,1019.5,0.0,0.0,0.0,1,22.0,5.4,11.7,Santa Cruz,120.0,
2025-11-06 13:00:00,11.3,3.3,58.0,27.4,1019.2,0.0,0.0,0.0,1,22.0,4.5,12.5,Santa Cruz,124.0,
2025-11-06 14:00:00,11.5,3.3,57.0,25.2,1018.6,0.0,0.0,0.0,3,22.0,5.1,7.8,Santa Cruz,121.0,
2025-11-06 15:00:00,11.6,3.4,57.0,22.0,1018.5,0.0,0.0,0.0,3,22.0,5.9,5.9,Santa Cruz,110.0,
2025-11-06 16:00:00,11.1,3.6,60.0,22.3,1018.4,0.0,0.0,0.0,1,22.0,5.4,5.3,Santa Cruz,108.0,
2025-11-06 17:00:00,10.8,3.8,62.0,19.4,1018.5,0.0,0.0,0.0,1,22.0,5.7,2.8,Santa Cruz,104.0,
2025-11-06 18:00:00,10.2,4.1,66.0,17.3,1018.5,0.0,0.0,0.0,1,19.0,5.5,1.3,Santa Cruz,89.0,
2025-11-06 19:00:00,10.1,4.7,69.0,14.0,1018.6,0.0,0.0,0.0,2,19.0,6.2,0.4,Santa Cruz,50.0,
2025-11-06 20:00:00,10.1,4.7,69.0,15.1,1018.6,0.0,0.0,0.0,1,19.0,6.0,0.0,Santa Cruz,20.0,
2025-11-06 21:00:00,9.7,4.7,71.0,12.2,1019.1,0.0,0.0,0.0,1,19.0,7.9,0.0,Santa Cruz,10.0,
2025-11-06 22:00:00,9.3,4.7,73.0,9.7,1020.1,0.0,0.0,0.0,1,19.0,7.8,0.0,Santa Cruz,20.0,
2025-11-06 23:00:00,9.0,4.6,74.0,10.4,1020.6,0.0,0.0,0.0,1,19.0,7.4,0.0,Santa Cruz,20.0,
2025-11-07 00:00:00,9.0,4.4,73.0,13.0,1020.6,0.0,0.0,0.0,1,19.0,7.0,0.0,Santa Cruz,24.0,
2025-11-07 01:00:00,9.0,4.2,72.0,12.6,1020.8,0.0,0.0,0.0,1,19.0,7.0,0.0,Santa Cruz,345.0,
2025-11-07 02:00:00,8.7,3.9,72.0,7.6,1020.6,0.0,0.0,0.0,1,19.0,7.6,0.0,Santa Cruz,314.0,
2025-11-07 03:00:00,8.4,3.6,72.0,6.1,1020.6,0.0,0.0,0.0,1,19.0,7.6,0.0,Santa Cruz,306.0,
2025-11-07 04:00:00,8.5,3.3,70.0,4.3,1020.3,0.0,0.0,0.0,2,19.0,6.2,0.0,Santa Cruz,321.0,
2025-11-07 05:00:00,7.7,3.4,74.0,5.0,1020.6,0.0,0.0,0.0,1,19.0,7.1,0.0,Santa Cruz,3.0,
2025-11-07 06:00:00,7.5,3.4,75.0,5.4,1020.4,0.0,0.0,0.0,1,19.0,6.8,0.0,Santa Cruz,28.0,
2025-11-07 07:00:00,8.1,3.6,73.0,5.0,1020.6,0.0,0.0,0.0,1,19.0,7.6,0.6,Santa Cruz,31.0,
2025-11-07 08:00:00,9.4,3.4,66.0,4.3,1020.7,0.0,0.0,0.0,1,19.0,7.1,1.6,Santa Cruz,50.0,
2025-11-07 09:00:00,10.4,3.2,61.0,5.0,1020.7,0.0,0.0,0.0,1,22.0,8.0,3.4,Santa Cruz,78.0,
2025-11-07 10:00:00,11.7,3.2,56.0,8.6,1020.8,0.0,0.0,0.0,1,22.0,8.6,6.1,Santa Cruz,142.0,
2025-11-07 11:00:00,12.0,3.7,57.0,15.8,1020.2,0.0,0.0,0.0,1,22.0,7.6,9.3,Santa Cruz,123.0,
2025-11-07 12:00:00,11.8,4.0,59.0,21.2,1020.4,0.0,0.0,0.0,1,22.0,6.4,11.7,Santa Cruz,130.0,
2025-11-07 13:00:00,11.7,4.4,61.0,21.6,1020.2,0.0,0.0,0.0,1,22.0,6.3,12.5,Santa Cruz,132.0,
2025-11-07 14:00:00,11.6,4.6,62.0,20.2,1019.6,0.0,0.0,0.0,1,22.0,6.5,11.2,Santa Cruz,123.0,
2025-11-07 15:00:00,11.6,4.6,62.0,20.2,1018.9,0.0,0.0,0.0,1,22.0,6.5,8.4,Santa Cruz,117.0,
2025-11-07 16:00:00,11.5,4.7,63.0,20.9,1018.3,0.0,0.0,0.0,1,22.0,6.3,5.3,Santa Cruz,120.0,
2025-11-07 17:00:00,11.2,4.4,63.0,21.2,1017.8,0.0,0.0,0.0,1,22.0,5.8,2.8,Santa Cruz,116.0,
2025-11-07 18:00:00,10.7,4.8,67.0,18.7,1017.6,0.0,0.0,0.0,1,19.0,5.9,1.3,Santa Cruz,88.0,
2025-11-07 19:00:00,10.4,4.7,68.0,16.6,1017.7,0.0,0.0,0.0,1,19.0,6.0,0.5,Santa Cruz,56.0,
2025-11-07 20:00:00,9.7,5.1,73.0,14.8,1017.8,0.0,0.0,0.0,1,19.0,7.6,0.0,Santa Cruz,58.0,
2025-11-07 21:00:00,9.3,5.5,77.0,10.1,1018.1,0.0,0.0,0.0,1,17.0,7.8,0.0,Santa Cruz,31.0,
2025-11-07 22:00:00,9.3,5.3,76.0,11.2,1018.7,0.0,0.0,0.0,2,17.0,7.6,0.0,Santa Cruz,359.0,
2025-11-07 23:00:00,9.3,4.7,73.0,9.4,1018.5,0.0,0.0,0.0,2,19.0,7.9,0.0,Santa Cruz,339.0,
2025-11-08 00:00:00,9.3,4.3,71.0,11.2,1018.5,0.0,0.0,0.0,3,19.0,7.6,0.0,Santa Cruz,308.0,
2025-11-08 01:00:00,9.5,3.7,67.0,11.2,1018.7,0.0,0.0,0.0,3,19.0,7.8,0.0,Santa Cruz,278.0,
2025-11-08 02:00:00,10.2,3.0,61.0,18.7,1018.7,0.0,0.0,0.0,3,22.0,5.1,0.0,Santa Cruz,239.0,
2025-11-08 03:00:00,10.1,3.4,63.0,26.6,1018.7,0.0,0.0,0.0,3,22.0,3.5,0.0,Santa Cruz,231.0,
2025-11-08 04:00:00,9.3,3.9,69.0,26.6,1018.7,0.0,0.0,0.0,3,19.0,5.9,0.0,Santa Cruz,219.0,
2025-11-08 05:00:00,8.3,4.1,75.0,24.8,1019.2,0.0,0.0,0.0,3,19.0,4.8,0.0,Santa Cruz,212.0,
2025-11-08 06:00:00,7.8,3.5,74.0,24.8,1019.3,0.0,0.0,0.0,3,19.0,4.1,0.0,Santa Cruz,213.0,
2025-11-08 07:00:00,8.2,3.5,72.0,22.3,1019.5,0.0,0.0,0.0,3,19.0,4.9,0.4,Santa Cruz,217.0,
2025-11-08 08:00:00,9.3,3.1,65.0,21.2,1019.5,0.0,0.0,0.0,1,22.0,6.4,1.6,Santa Cruz,223.0,
2025-11-08 09:00:00,10.5,3.1,60.0,23.4,1019.4,0.0,0.0,0.0,1,22.0,4.5,3.4,Santa Cruz,224.0,
2025-11-08 10:00:00,11.8,2.8,54.0,22.3,1019.1,0.0,0.0,0.0,1,22.0,5.9,6.1,Santa Cruz,219.0,
2025-11-08 11:00:00,13.6,3.1,49.0,21.6,1018.3,0.0,0.0,0.0,1,22.0,7.9,9.3,Santa Cruz,218.0,
2025-11-08 12:00:00,14.5,3.0,46.0,20.5,1017.7,0.0,0.0,0.0,1,22.0,9.0,11.7,Santa Cruz,200.0,
2025-11-08 13:00:00,14.4,3.2,47.0,18.0,1017.1,0.0,0.0,0.0,3,22.0,9.4,8.7,Santa Cruz,131.0,
2025-11-08 14:00:00,14.2,3.3,48.0,23.0,1016.2,0.0,0.0,0.0,3,22.0,8.3,7.8,Santa Cruz,98.0,
2025-11-08 15:00:00,13.2,4.9,57.0,25.6,1015.5,0.0,0.0,0.0,3,22.0,7.1,5.9,Santa Cruz,78.0,
2025-11-08 16:00:00,12.0,5.6,65.0,23.8,1015.2,0.0,0.0,0.0,3,22.0,6.4,3.7,Santa Cruz,84.0,
2025-11-08 17:00:00,11.7,4.9,63.0,21.2,1014.7,0.0,0.0,0.0,3,22.0,6.4,2.0,Santa Cruz,73.0,
2025-11-08 18:00:00,11.7,4.7,62.0,17.6,1014.7,0.0,0.0,0.0,3,22.0,7.1,0.9,Santa Cruz,47.0,
2025-11-08 19:00:00,11.7,5.1,64.0,11.9,1015.0,0.0,0.0,0.0,3,22.0,8.3,0.3,Santa Cruz,51.0,
2025-11-08 20:00:00,11.0,5.3,68.0,9.7,1015.4,0.0,0.0,0.0,3,19.0,8.1,0.0,Santa Cruz,40.0,
2025-11-08 21:00:00,12.6,5.0,60.0,9.4,1015.8,0.0,0.0,0.0,3,22.0,9.7,0.0,Santa Cruz,28.0,
2025-11-08 22:00:00,13.0,4.2,55.0,19.1,1016.3,0.0,0.0,0.0,3,22.0,8.0,0.0,Santa Cruz,212.0,
2025-11-08 23:00:00,13.7,3.2,49.0,31.3,1016.5,0.0,0.0,0.0,3,22.0,6.1,0.0,Santa Cruz,196.0,
2025-11-09 00:00:00,13.5,3.3,50.0,30.6,1016.8,0.0,0.0,0.0,3,22.0,6.1,0.0,Santa Cruz,207.0,
2025-11-09 01:00:00,13.1,3.2,51.0,27.0,1016.7,0.0,0.0,0.0,3,22.0,6.4,0.0,Santa Cruz,219.0,
2025-11-09 02:00:00,14.0,2.9,47.0,23.0,1016.1,0.0,0.0,0.0,3,22.0,8.0,0.0,Santa Cruz,246.0,
2025-11-09 03:00:00,13.8,3.0,48.0,27.4,1015.8,0.0,0.0,0.0,3,22.0,7.0,0.0,Santa Cruz,243.0,
2025-11-09 04:00:00,13.7,2.9,48.0,27.7,1015.5,0.0,0.0,0.0,3,22.0,6.8,0.0,Santa Cruz,236.0,
2025-11-09 05:00:00,13.9,2.5,46.0,30.6,1015.6,0.0,0.0,0.0,3,22.0,6.4,0.0,Santa Cruz,228.0,
2025-11-09 06:00:00,14.2,1.5,42.0,30.2,1015.4,0.0,0.0,0.0,2,22.0,6.6,0.0,Santa Cruz,241.0,
2025-11-09 07:00:00,14.5,1.4,41.0,26.6,1015.9,0.0,0.0,0.0,3,22.0,7.6,0.4,Santa Cruz,230.0,
2025-11-09 08:00:00,15.2,1.3,39.0,27.0,1016.2,0.0,0.0,0.0,3,22.0,8.2,1.1,Santa Cruz,230.0,
2025-11-09 09:00:00,16.2,1.1,36.0,33.1,1016.5,0.0,0.0,0.0,3,22.0,7.9,2.4,Santa Cruz,222.0,
2025-11-09 10:00:00,16.6,1.5,36.0,35.3,1016.6,0.0,0.0,0.0,3,17.0,8.0,4.3,Santa Cruz,215.0,
2025-11-09 11:00:00,17.9,1.4,33.0,34.2,1016.2,0.0,0.0,0.0,3,22.0,9.5,6.5,Santa Cruz,209.0,
2025-11-09 12:00:00,18.4,2.7,35.0,31.3,1016.3,0.0,0.0,0.0,3,22.0,10.8,8.2,Santa Cruz,202.0,
2025-11-09 13:00:00,18.8,3.4,36.0,31.0,1016.1,0.0,0.0,0.0,3,22.0,11.3,8.7,Santa Cruz,189.0,
2025-11-09 14:00:00,18.8,3.8,37.0,31.3,1015.8,0.0,0.0,0.0,3,22.0,11.4,7.8,Santa Cruz,174.0,
2025-11-09 15:00:00,18.6,4.0,38.0,33.1,1015.3,0.0,0.0,0.0,3,22.0,10.8,5.9,Santa Cruz,158.0,
2025-11-09 16:00:00,19.9,4.4,36.0,33.5,1014.8,0.0,0.0,0.0,2,22.0,12.1,4.8,Santa Cruz,160.0,
2025-11-09 17:00:00,18.7,5.2,41.0,36.0,1014.4,0.0,0.0,0.0,1,17.0,10.6,2.8,Santa Cruz,145.0,
2025-11-09 18:00:00,17.6,4.9,43.0,32.0,1014.5,0.0,0.0,0.0,1,22.0,10.2,1.3,Santa Cruz,145.0,
2025-11-09 19:00:00,16.1,5.1,48.0,25.6,1014.8,0.0,0.0,0.0,1,22.0,10.0,0.5,Santa Cruz,141.0,
2025-11-09 20:00:00,14.5,5.3,54.0,14.4,1015.3,0.0,0.0,0.0,1,22.0,10.6,0.0,Santa Cruz,60.0,
2025-11-09 21:00:00,13.3,5.5,59.0,15.5,1015.7,0.0,0.0,0.0,1,22.0,9.3,0.0,Santa Cruz,16.0,
2025-11-09 22:00:00,13.2,5.4,59.0,11.5,1015.7,0.0,0.0,0.0,1,22.0,9.9,0.0,Santa Cruz,4.0,
2025-11-09 23:00:00,13.0,5.4,60.0,13.0,1015.6,0.0,0.0,0.0,1,22.0,9.4,0.0,Santa Cruz,358.0,
2025-11-10 00:00:00,12.8,5.2,60.0,13.3,1015.4,0.0,0.0,0.0,1,22.0,9.1,0.0,Santa Cruz,350.0,
2025-11-10 01:00:00,12.8,5.0,59.0,14.0,1015.4,0.0,0.0,0.0,1,22.0,9.0,0.0,Santa Cruz,338.0,
2025-11-10 02:00:00,13.3,4.7,56.0,13.3,1014.8,0.0,0.0,0.0,1,22.0,9.5,0.0,Santa Cruz,338.0,
2025-11-10 03:00:00,13.4,4.5,55.0,8.6,1014.0,0.0,0.0,0.0,1,22.0,10.5,0.0,Santa Cruz,324.0,
2025-11-10 04:00:00,13.2,4.6,56.0,6.5,1013.1,0.0,0.0,0.0,1,22.0,10.7,0.0,Santa Cruz,360.0,
2025-11-10 05:00:00,12.4,4.6,59.0,11.9,1012.5,0.0,0.0,0.0,2,22.0,8.9,0.0,Santa Cruz,77.0,
2025-11-10 06:00:00,10.5,5.9,73.0,17.3,1011.7,0.0,0.0,0.0,1,19.0,6.2,0.0,Santa Cruz,75.0,
2025-11-10 07:00:00,11.0,5.5,69.0,16.9,1011.2,0.0,0.0,0.0,1,19.0,6.7,0.6,Santa Cruz,43.0,
2025-11-10 08:00:00,12.0,4.9,62.0,13.7,1010.8,0.0,0.0,0.0,2,22.0,8.2,1.4,Santa Cruz,67.0,
2025-11-10 09:00:00,12.8,5.2,60.0,13.0,1010.4,0.0,0.0,0.0,1,22.0,9.2,3.4,Santa Cruz,143.0,
2025-11-10 10:00:00,13.0,5.7,61.0,15.8,1010.0,0.0,0.0,0.0,1,22.0,8.9,6.1,Santa Cruz,149.0,
2025-11-10 11:00:00,13.7,5.6,58.0,17.3,1009.5,0.0,0.0,0.0,1,22.0,9.3,9.2,Santa Cruz,142.0,
2025-11-10 12:00:00,15.3,5.8,53.0,19.8,1008.6,0.0,0.0,0.0,1,22.0,10.5,11.7,Santa Cruz,140.0,
2025-11-10 13:00:00,14.6,5.9,56.0,22.7,1008.2,0.0,0.0,0.0,2,22.0,9.3,11.2,Santa Cruz,143.0,
2025-11-10 14:00:00,14.4,6.2,58.0,26.3,1007.4,0.0,0.0,0.0,2,22.0,8.4,10.1,Santa Cruz,147.0,
2025-11-10 15:00:00,14.1,6.2,59.0,31.0,1006.5,0.0,0.0,0.0,3,22.0,7.2,5.9,Santa Cruz,156.0,
2025-11-10 16:00:00,13.0,6.3,64.0,30.6,1005.6,0.0,0.0,0.0,3,22.0,6.2,3.7,Santa Cruz,156.0,
2025-11-10 17:00:00,13.0,6.3,64.0,28.8,1005.3,0.0,0.0,0.0,3,22.0,6.6,2.0,Santa Cruz,148.0,
2025-11-10 18:00:00,12.0,6.7,70.0,23.4,1005.2,0.0,0.0,0.0,3,19.0,6.7,0.9,Santa Cruz,130.0,
2025-11-10 19:00:00,11.3,6.8,74.0,19.4,1005.0,0.0,0.0,0.0,3,19.0,6.8,0.3,Santa Cruz,132.0,
2025-11-10 20:00:00,10.5,7.0,79.0,19.8,1004.8,0.0,0.0,0.0,3,17.0,6.0,0.0,Santa Cruz,147.0,
2025-11-10 21:00:00,10.6,7.1,79.0,13.3,1004.9,0.0,0.0,0.0,3,17.0,7.3,0.0,Santa Cruz,167.0,
2025-11-10 22:00:00,11.3,6.4,72.0,17.3,1004.3,0.0,0.0,0.0,3,19.0,7.1,0.0,Santa Cruz,163.0,
2025-11-10 23:00:00,10.0,6.9,81.0,8.6,1004.1,0.0,0.0,0.0,3,17.0,8.9,0.0,Santa Cruz,114.0,
2025-11-11 00:00:00,10.5,6.6,77.0,17.3,1004.0,0.3,0.0,0.0,17,5.7,6.4,0.0,Santa Cruz,245.0,
2025-11-11 01:00:00,11.5,6.8,73.0,11.2,1003.2,0.4,0.0,0.0,8,5.6,8.6,0.0,Santa Cruz,243.0,
2025-11-11 02:00:00,11.7,7.2,74.0,12.2,1002.9,0.0,0.0,0.0,3,19.0,8.7,0.0,Santa Cruz,236.0,
2025-11-11 03:00:00,12.2,7.5,73.0,11.2,1002.8,0.0,0.0,0.0,3,19.0,9.4,0.0,Santa Cruz,204.0,
2025-11-11 04:00:00,11.5,7.6,77.0,14.4,1002.5,0.0,0.0,0.0,3,17.0,8.1,0.0,Santa Cruz,162.0,
2025-11-11 05:00:00,10.7,7.9,83.0,11.5,1002.4,0.0,0.0,0.0,3,2.0,8.0,0.0,Santa Cruz,160.0,
2025-11-11 06:00:00,10.3,7.7,84.0,10.8,1002.3,0.0,0.0,0.0,3,2.0,7.7,0.0,Santa Cruz,162.0,
2025-11-11 07:00:00,10.5,7.4,81.0,9.0,1002.6,0.0,0.0,0.0,3,17.0,8.1,0.4,Santa Cruz,151.0,
2025-11-11 08:00:00,11.1,6.0,71.0,9.7,1003.1,0.0,0.0,0.0,3,19.0,8.3,1.1,Santa Cruz,122.0,
2025-11-11 09:00:00,11.5,5.8,68.0,7.9,1003.2,0.0,0.0,0.0,3,19.0,9.0,2.4,Santa Cruz,62.0,
2025-11-11 10:00:00,11.5,5.8,68.0,10.4,1002.8,0.0,0.0,0.0,3,19.0,8.5,4.3,Santa Cruz,68.0,
2025-11-11 11:00:00,12.2,5.6,64.0,15.5,1002.5,0.0,0.0,0.0,3,22.0,8.2,6.5,Santa Cruz,107.0,
2025-11-11 12:00:00,12.3,6.6,68.0,21.6,1002.3,0.0,0.0,0.0,3,19.0,7.3,8.2,Santa Cruz,141.0,
2025-11-11 13:00:00,13.0,6.1,63.0,27.7,1001.5,0.1,0.0,0.0,17,5.9,6.7,7.5,Santa Cruz,150.0,
2025-11-11 14:00:00,12.2,6.5,68.0,29.2,1001.7,0.1,0.0,0.0,17,5.9,5.7,6.7,Santa Cruz,148.0,
2025-11-11 15:00:00,11.4,6.9,74.0,34.6,1002.4,0.2,0.0,0.0,17,5.8,4.0,5.1,Santa Cruz,156.0,
2025-11-11 16:00:00,10.9,7.2,78.0,35.3,1003.7,1.7,0.0,0.0,9,4.3,3.4,2.7,Santa Cruz,162.0,
2025-11-11 17:00:00,9.7,7.0,83.0,25.6,1004.1,2.1,0.0,0.0,9,3.9,6.5,1.4,Santa Cruz,161.0,
2025-11-11 18:00:00,10.3,7.0,80.0,15.1,1004.2,1.7,0.0,0.0,9,4.3,6.7,0.6,Santa Cruz,135.0,
2025-11-11 19:00:00,10.0,7.1,82.0,12.6,1004.1,0.2,0.0,0.0,7,5.8,8.2,0.3,Santa Cruz,114.0,
2025-11-11 20:00:00,9.8,7.2,84.0,7.9,1004.1,0.0,0.0,0.0,3,2.0,8.8,0.0,Santa Cruz,44.0,
2025-11-11 21:00:00,9.4,7.3,87.0,11.2,1004.4,0.0,0.0,0.0,2,2.0,7.7,0.0,Santa Cruz,346.0,
2025-11-11 22:00:00,9.6,7.2,85.0,16.9,1004.7,0.0,0.0,0.0,2,2.0,7.2,0.0,Santa Cruz,332.0,
2025-11-11 23:00:00,9.4,6.8,84.0,21.2,1004.8,0.0,0.0,0.0,3,2.0,6.5,0.0,Santa Cruz,339.0,
2025-11-12 00:00:00,9.9,7.1,83.0,22.3,1004.2,0.0,0.0,0.0,3,2.0,7.0,0.0,Santa Cruz,339.0,
2025-11-12 01:00:00,9.8,7.4,85.0,23.0,1003.5,0.0,0.0,0.0,2,2.0,6.9,0.0,Santa Cruz,355.0,
2025-11-12 02:00:00,10.2,7.1,81.0,22.3,1002.7,0.0,0.0,0.0,2,17.0,5.2,0.0,Santa Cruz,306.0,
2025-11-12 03:00:00,10.5,4.6,67.0,23.0,1002.1,0.0,0.0,0.0,2,19.0,4.8,0.0,Santa Cruz,289.0,
2025-11-12 04:00:00,10.0,3.5,64.0,21.2,1002.0,0.0,0.0,0.0,3,22.0,7.3,0.0,Santa Cruz,278.0,
2025-11-12 05:00:00,9.8,3.3,64.0,26.3,1001.8,0.0,0.0,0.0,3,22.0,6.6,0.0,Santa Cruz,288.0,
2025-11-12 06:00:00,10.2,3.2,62.0,30.6,1001.6,0.0,0.0,0.0,3,22.0,2.8,0.0,Santa Cruz,282.0,
2025-11-12 07:00:00,11.1,3.1,58.0,33.1,1001.8,0.0,0.0,0.0,3,22.0,3.2,0.4,Santa Cruz,273.0,
2025-11-12 08:00:00,12.3,3.0,53.0,37.1,1002.1,0.0,0.0,0.0,3,17.0,3.6,1.1,Santa Cruz,264.0,
2025-11-12 09:00:00,13.5,3.0,49.0,46.1,1002.4,0.0,0.0,0.0,3,17.0,3.0,2.4,Santa Cruz,259.0,
2025-11-12 10:00:00,14.5,2.1,43.0,41.0,1002.7,0.0,0.0,0.0,1,17.0,4.9,6.1,Santa Cruz,263.0,
2025-11-12 11:00:00,15.3,0.7,37.0,43.9,1002.2,0.0,0.0,0.0,2,17.0,4.9,8.3,Santa Cruz,253.0,
2025-11-12 12:00:00,15.9,0.5,35.0,45.0,1002.0,0.0,0.0,0.0,2,17.0,5.2,10.5,Santa Cruz,244.0,
2025-11-12 13:00:00,16.6,-1.1,30.0,45.7,1001.9,0.0,0.0,0.0,3,17.0,5.6,8.7,Santa Cruz,237.0,
2025-11-12 14:00:00,17.2,-2.0,27.0,46.1,1001.8,0.0,0.0,0.0,3,17.0,6.0,7.8,Santa Cruz,241.0,
2025-11-12 15:00:00,18.0,-3.4,23.0,48.6,1001.6,0.0,0.0,0.0,3,17.0,6.1,5.9,Santa Cruz,240.0,
2025-11-12 16:00:00,17.8,-2.0,26.0,46.1,1001.7,0.0,0.0,0.0,3,17.0,6.6,3.7,Santa Cruz,243.0,
2025-11-12 17:00:00,18.1,-4.0,22.0,50.0,1001.4,0.0,0.0,0.0,3,17.0,5.9,2.0,Santa Cruz,242.0,
2025-11-12 18:00:00,17.3,-1.9,27.0,48.2,1002.0,0.0,0.0,0.0,2,17.0,5.7,1.1,Santa Cruz,246.0,
2025-11-12 19:00:00,16.9,-1.7,28.0,45.4,1002.8,0.0,0.0,0.0,2,17.0,5.8,0.4,Santa Cruz,241.0,
2025-11-12 20:00:00,15.9,-1.2,31.0,44.6,1003.2,0.0,0.0,0.0,2,17.0,5.1,0.0,Santa Cruz,240.0,
2025-11-12 21:00:00,14.6,-0.3,36.0,43.2,1003.9,0.0,0.0,0.0,2,17.0,4.2,0.0,Santa Cruz,241.0,
2025-11-12 22:00:00,13.4,1.4,44.0,40.3,1004.6,0.0,0.0,0.0,2,17.0,3.8,0.0,Santa Cruz,254.0,
2025-11-12 23:00:00,12.8,1.8,47.0,33.5,1005.0,0.0,0.0,0.0,3,22.0,4.6,0.0,Santa Cruz,270.0,
2025-11-13 00:00:00,12.3,1.3,47.0,33.1,1005.0,0.0,0.0,0.0,3,22.0,4.1,0.0,Santa Cruz,271.0,
2025-11-13 01:00:00,11.6,1.2,49.0,31.0,1005.3,0.0,0.0,0.0,3,22.0,3.8,0.0,Santa Cruz,272.0,
2025-11-13 02:00:00,11.3,1.5,51.0,30.2,1005.5,0.0,0.0,0.0,3,22.0,3.7,0.0,Santa Cruz,271.0,
2025-11-13 03:00:00,10.9,1.4,52.0,29.5,1005.4,0.0,0.0,0.0,3,22.0,3.4,0.0,Santa Cruz,270.0,
2025-11-13 04:00:00,10.4,1.5,54.0,27.0,1005.5,0.0,0.0,0.0,3,22.0,3.4,0.0,Santa Cruz,276.0,
2025-11-13 05:00:00,10.0,1.1,54.0,27.4,1005.8,0.0,0.0,0.0,2,22.0,6.8,0.0,Santa Cruz,284.0,
2025-11-13 06:00:00,9.6,1.3,56.0,23.4,1006.2,0.0,0.0,0.0,2,22.0,6.6,0.0,Santa Cruz,295.0,
2025-11-13 07:00:00,10.1,1.5,55.0,24.5,1006.8,0.0,0.0,0.0,1,22.0,3.6,0.6,Santa Cruz,303.0,
2025-11-13 08:00:00,11.5,2.3,53.0,25.9,1006.9,0.0,0.0,0.0,1,22.0,4.8,1.6,Santa Cruz,302.0,
2025-11-13 09:00:00,13.3,2.2,47.0,25.6,1006.8,0.0,0.0,0.0,2,22.0,6.7,3.1,Santa Cruz,300.0,
2025-11-13 10:00:00,14.7,1.6,41.0,27.0,1006.4,0.0,0.0,0.0,2,22.0,7.7,5.5,Santa Cruz,291.0,
2025-11-13 11:00:00,15.8,1.9,39.0,26.6,1005.7,0.0,0.0,0.0,1,22.0,8.9,9.2,Santa Cruz,284.0,
2025-11-13 12:00:00,16.8,2.0,37.0,24.5,1005.0,0.0,0.0,0.0,1,22.0,10.4,11.7,Santa Cruz,291.0,
2025-11-13 13:00:00,18.2,1.7,33.0,25.9,1003.9,0.0,0.0,0.0,3,22.0,11.4,8.7,Santa Cruz,290.0,
2025-11-13 14:00:00,19.3,1.3,30.0,31.3,1002.5,0.0,0.0,0.0,3,22.0,11.4,7.8,Santa Cruz,289.0,
2025-11-13 15:00:00,20.1,0.5,27.0,33.1,1001.4,0.0,0.0,0.0,3,22.0,11.8,5.9,Santa Cruz,285.0,
2025-11-13 16:00:00,20.4,0.2,26.0,38.5,1000.5,0.0,0.0,0.0,3,17.0,11.0,3.7,Santa Cruz,288.0,
2025-11-13 17:00:00,20.4,0.2,26.0,43.9,999.6,0.0,0.0,0.0,3,17.0,9.9,2.0,Santa Cruz,298.0,
2025-11-13 18:00:00,18.9,1.8,32.0,48.6,999.7,0.0,0.0,0.0,3,17.0,7.8,0.9,Santa Cruz,296.0,
2025-11-13 19:00:00,17.0,2.2,37.0,48.6,999.8,0.0,0.0,0.0,3,17.0,5.9,0.3,Santa Cruz,285.0,
2025-11-13 20:00:00,16.8,2.0,37.0,43.6,998.8,0.0,0.0,0.0,3,17.0,6.7,0.0,Santa Cruz,285.0,
2025-11-13 21:00:00,16.1,2.5,40.0,45.0,998.2,0.0,0.0,0.0,3,17.0,5.8,0.0,Santa Cruz,290.0,
2025-11-13 22:00:00,15.6,2.4,41.0,44.6,997.5,0.0,0.0,0.0,3,17.0,5.3,0.0,Santa Cruz,291.0,
2025-11-13 23:00:00,15.6,2.0,40.0,47.5,996.0,0.0,0.0,0.0,3,17.0,4.7,0.0,Santa Cruz,294.0,
2025-11-14 00:00:00,15.6,1.7,39.0,43.6,994.2,0.0,0.0,0.0,3,17.0,5.4,0.0,Santa Cruz,298.0,
2025-11-14 01:00:00,15.4,2.2,41.0,41.8,992.9,0.0,0.0,0.0,3,17.0,5.6,0.0,Santa Cruz,303.0,
2025-11-14 02:00:00,14.7,2.2,43.0,43.6,991.1,0.0,0.0,0.0,3,17.0,4.6,0.0,Santa Cruz,301.0,
2025-11-14 03:00:00,14.5,3.0,46.0,42.5,989.9,0.0,0.0,0.0,3,17.0,4.7,0.0,Santa Cruz,297.0,
2025-11-14 04:00:00,14.3,3.7,49.0,42.8,989.3,0.0,0.0,0.0,3,17.0,4.6,0.0,Santa Cruz,290.0,
2025-11-14 05:00:00,14.4,3.8,49.0,37.1,989.2,0.0,0.0,0.0,3,17.0,5.8,0.0,Santa Cruz,276.0,
2025-11-14 06:00:00,14.1,4.1,51.0,45.0,989.4,0.0,0.0,0.0,3,17.0,4.1,0.0,Santa Cruz,258.0,
2025-11-14 07:00:00,14.4,4.4,51.0,44.6,989.9,0.0,0.0,0.0,3,17.0,4.5,0.4,Santa Cruz,253.0,
2025-11-14 08:00:00,15.1,4.8,50.0,42.8,990.9,0.0,0.0,0.0,3,17.0,5.6,1.1,Santa Cruz,249.0,
2025-11-14 09:00:00,16.1,4.8,47.0,51.5,992.0,0.0,0.0,0.0,3,17.0,4.9,2.4,Santa Cruz,237.0,
2025-11-14 10:00:00,15.8,5.1,49.0,50.4,993.1,0.0,0.0,0.0,3,17.0,4.9,4.3,Santa Cruz,226.0,
2025-11-14 11:00:00,15.5,5.1,50.0,51.1,994.2,0.0,0.0,0.0,3,17.0,4.5,6.5,Santa Cruz,224.0,
2025-11-14 12:00:00,14.9,4.9,51.0,36.0,995.0,0.0,0.0,0.0,3,17.0,6.7,8.2,Santa Cruz,211.0,
2025-11-14 13:00:00,14.9,4.9,51.0,30.6,995.7,0.0,0.0,0.0,3,22.0,7.8,8.7,Santa Cruz,208.0,
2025-11-14 14:00:00,15.3,4.6,49.0,25.2,996.0,0.0,0.0,0.0,3,22.0,9.2,7.8,Santa Cruz,198.0,
2025-11-14 15:00:00,15.5,4.8,49.0,27.4,996.4,0.0,0.0,0.0,3,22.0,9.0,5.9,Santa Cruz,172.0,
2025-11-14 16:00:00,14.8,4.5,50.0,32.4,996.7,0.0,0.0,0.0,3,22.0,7.3,3.7,Santa Cruz,145.0,
2025-11-14 17:00:00,13.1,3.5,52.0,29.9,997.3,0.0,0.0,0.0,3,22.0,5.9,2.0,Santa Cruz,126.0,
2025-11-14 18:00:00,11.3,2.8,56.0,21.2,997.9,0.0,0.0,0.0,3,22.0,5.6,0.9,Santa Cruz,118.0,
2025-11-14 19:00:00,11.2,3.5,59.0,19.1,998.4,0.0,0.0,0.0,3,22.0,6.1,0.3,Santa Cruz,63.0,
2025-11-14 20:00:00,10.7,2.8,58.0,22.3,998.5,0.0,0.0,0.0,3,22.0,4.8,0.0,Santa Cruz,47.0,
2025-11-14 21:00:00,10.9,5.2,68.0,25.9,997.3,0.0,0.0,0.0,3,19.0,4.8,0.0,Santa Cruz,43.0,
2025-11-14 22:00:00,11.0,5.1,67.0,29.2,996.8,0.0,0.0,0.0,3,19.0,4.2,0.0,Santa Cruz,31.0,
2025-11-14 23:00:00,10.1,5.3,72.0,31.3,995.7,0.0,0.0,0.0,3,19.0,2.9,0.0,Santa Cruz,33.0,
2025-11-15 00:00:00,12.5,5.6,63.0,26.3,994.4,0.0,0.0,0.0,3,22.0,6.4,0.0,Santa Cruz,11.0,
2025-11-15 01:00:00,13.5,5.6,59.0,23.8,993.4,0.0,0.0,0.0,3,22.0,7.9,0.0,Santa Cruz,6.0,
2025-11-15 02:00:00,13.9,5.5,57.0,23.4,992.2,0.0,0.0,0.0,3,22.0,8.3,0.0,Santa Cruz,327.0,
2025-11-15 03:00:00,15.5,5.4,51.0,42.5,992.0,0.0,0.0,0.0,3,17.0,6.2,0.0,Santa Cruz,275.0,
2025-11-15 04:00:00,15.2,4.0,47.0,47.5,991.3,0.0,0.0,0.0,2,17.0,4.6,0.0,Santa Cruz,289.0,
2025-11-15 05:00:00,14.4,2.9,46.0,43.6,991.7,0.0,0.0,0.0,1,17.0,4.4,0.0,Santa Cruz,289.0,
2025-11-15 06:00:00,13.5,1.2,43.0,42.5,991.9,0.0,0.0,0.0,1,17.0,3.4,0.0,Santa Cruz,294.0,
2025-11-15 07:00:00,13.5,0.8,42.0,40.7,992.1,0.0,0.0,0.0,1,17.0,3.7,0.6,Santa Cruz,296.0,
2025-11-15 08:00:00,14.4,0.6,39.0,38.5,992.4,0.0,0.0,0.0,1,17.0,5.0,1.6,Santa Cruz,298.0,
2025-11-15 09:00:00,15.5,-0.7,33.0,42.8,992.6,0.0,0.0,0.0,1,17.0,5.1,3.4,Santa Cruz,262.0,
2025-11-15 10:00:00,15.7,-1.4,31.0,45.4,992.8,0.0,0.0,0.0,1,17.0,4.7,6.1,Santa Cruz,262.0,
2025-11-15 11:00:00,16.1,-3.4,26.0,53.3,993.2,0.0,0.0,0.0,1,17.0,3.3,9.2,Santa Cruz,257.0,
2025-11-15 12:00:00,16.2,-2.8,27.0,52.9,993.6,0.0,0.0,0.0,2,17.0,3.6,10.5,Santa Cruz,254.0,
2025-11-15 13:00:00,17.2,-4.7,22.0,52.6,993.3,0.0,0.0,0.0,2,17.0,4.4,11.2,Santa Cruz,252.0,
2025-11-15 14:00:00,16.8,-3.3,25.0,52.2,994.1,0.0,0.0,0.0,3,17.0,4.2,7.8,Santa Cruz,241.0,
2025-11-15 15:00:00,16.4,-3.2,26.0,54.7,994.9,0.0,0.0,0.0,3,17.0,3.4,5.9,Santa Cruz,244.0,
2025-11-15 16:00:00,16.2,-5.5,22.0,55.8,995.8,0.0,0.0,0.0,3,17.0,2.7,3.7,Santa Cruz,239.0,
2025-11-15 17:00:00,14.5,-2.0,32.0,52.2,997.3,0.0,0.0,0.0,3,17.0,2.1,2.0,Santa Cruz,226.0,
2025-11-15 18:00:00,13.2,-1.2,37.0,51.5,998.8,0.0,0.0,0.0,3,17.0,1.0,0.9,Santa Cruz,232.0,
2025-11-15 19:00:00,13.5,-2.9,32.0,45.4,999.6,0.0,0.0,0.0,3,17.0,2.3,0.3,Santa Cruz,237.0,
2025-11-15 20:00:00,12.6,-3.2,33.0,47.2,1000.7,0.0,0.0,0.0,3,17.0,1.0,0.0,Santa Cruz,237.0,
2025-11-15 21:00:00,11.6,-3.0,36.0,47.5,1002.1,0.0,0.0,0.0,1,17.0,-0.0,0.0,Santa Cruz,234.0,
2025-11-15 22:00:00,10.8,-3.3,37.0,51.5,1003.7,0.0,0.0,0.0,2,17.0,-1.6,0.0,Santa Cruz,231.0,
2025-11-15 23:00:00,10.1,-3.2,39.0,50.0,1005.2,0.0,0.0,0.0,3,17.0,-2.0,0.0,Santa Cruz,234.0,
2025-11-16 00:00:00,9.2,-3.0,42.0,51.1,1006.3,0.0,0.0,0.0,2,17.0,4.3,0.0,Santa Cruz,233.0,
2025-11-16 01:00:00,8.6,-2.4,46.0,48.6,1007.2,0.0,0.0,0.0,2,17.0,3.6,0.0,Santa Cruz,233.0,
2025-11-16 02:00:00,8.3,-2.6,46.0,40.0,1008.0,0.0,0.0,0.0,1,17.0,3.7,0.0,Santa Cruz,241.0,
2025-11-16 03:00:00,7.8,-2.2,49.0,45.7,1008.4,0.0,0.0,0.0,1,17.0,2.7,0.0,Santa Cruz,237.0,
2025-11-16 04:00:00,7.6,-2.4,49.0,42.8,1009.1,0.0,0.0,0.0,1,17.0,2.6,0.0,Santa Cruz,240.0,
2025-11-16 05:00:00,7.5,-2.5,49.0,38.9,1009.5,0.0,0.0,0.0,1,17.0,2.7,0.0,Santa Cruz,243.0,
2025-11-16 06:00:00,7.4,-3.2,47.0,37.8,1009.8,0.0,0.0,0.0,1,17.0,2.6,0.0,Santa Cruz,246.0,
2025-11-16 07:00:00,8.0,-3.2,45.0,34.6,1011.0,0.0,0.0,0.0,1,22.0,3.6,0.6,Santa Cruz,248.0,
2025-11-16 08:00:00,9.2,-3.0,42.0,36.4,1011.4,0.0,0.0,0.0,1,17.0,5.1,1.6,Santa Cruz,244.0,
2025-11-16 09:00:00,10.2,-2.8,40.0,40.7,1011.4,0.0,0.0,0.0,3,17.0,-0.1,2.4,Santa Cruz,246.0,
2025-11-16 10:00:00,11.4,-2.8,37.0,37.4,1010.9,0.0,0.0,0.0,3,17.0,1.8,4.3,Santa Cruz,244.0,
2025-11-16 11:00:00,12.5,-2.9,34.0,36.0,1010.4,0.0,0.0,0.0,3,17.0,3.1,6.4,Santa Cruz,243.0,
2025-11-16 12:00:00,13.8,-3.5,30.0,32.0,1009.9,0.0,0.0,0.0,3,22.0,5.1,8.2,Santa Cruz,237.0,
2025-11-16 13:00:00,14.7,-3.6,28.0,27.4,1009.0,0.0,0.0,0.0,3,22.0,6.9,8.7,Santa Cruz,244.0,
2025-11-16 14:00:00,15.1,-3.3,28.0,24.1,1007.9,0.0,0.0,0.0,3,22.0,8.0,7.8,Santa Cruz,253.0,
2025-11-16 15:00:00,14.9,-3.0,29.0,23.4,1006.7,0.0,0.0,0.0,3,22.0,8.0,5.9,Santa Cruz,140.0,
2025-11-16 16:00:00,12.9,-1.1,38.0,27.0,1005.7,0.0,0.0,0.0,3,22.0,5.5,3.7,Santa Cruz,72.0,
2025-11-16 17:00:00,12.8,0.2,42.0,27.7,1003.5,0.0,0.0,0.0,3,22.0,5.5,2.0,Santa Cruz,77.0,
2025-11-16 18:00:00,12.4,1.1,46.0,28.1,1003.2,0.0,0.0,0.0,3,22.0,5.1,0.9,Santa Cruz,41.0,
2025-11-16 19:00:00,12.8,0.5,43.0,36.4,1002.8,0.0,0.0,0.0,3,17.0,3.8,0.3,Santa Cruz,318.0,
2025-11-16 20:00:00,11.5,0.9,48.0,43.9,1002.6,0.0,0.0,0.0,3,17.0,1.1,0.0,Santa Cruz,281.0,
2025-11-16 21:00:00,11.0,-0.2,46.0,29.5,1000.6,0.1,0.0,0.0,7,5.9,3.3,0.0,Santa Cruz,301.0,
2025-11-16 22:00:00,11.7,-0.8,42.0,30.6,998.5,0.1,0.0,0.0,7,5.9,3.7,0.0,Santa Cruz,315.0,
2025-11-16 23:00:00,11.4,0.2,46.0,31.7,996.6,0.7,0.0,0.0,8,5.3,3.3,0.0,Santa Cruz,332.0,
2025-11-17 00:00:00,11.7,0.5,46.0,34.9,993.3,0.8,0.0,0.0,8,5.2,3.0,0.0,Santa Cruz,335.0,
2025-11-17 01:00:00,12.3,0.1,43.0,37.8,990.6,0.0,0.0,0.0,3,17.0,3.0,0.0,Santa Cruz,333.0,
2025-11-17 02:00:00,12.4,0.8,45.0,41.8,987.4,0.0,0.0,0.0,3,17.0,2.4,0.0,Santa Cruz,329.0,
2025-11-17 03:00:00,12.0,1.3,48.0,38.9,984.6,0.0,0.0,0.0,3,17.0,2.7,0.0,Santa Cruz,327.0,
2025-11-17 04:00:00,12.5,2.4,50.0,42.1,982.3,0.0,0.0,0.0,3,17.0,2.7,0.0,Santa Cruz,310.0,
2025-11-17 05:00:00,13.2,3.6,52.0,48.6,979.7,0.0,0.0,0.0,3,17.0,2.3,0.0,Santa Cruz,300.0,
2025-11-17 06:00:00,13.7,4.0,52.0,51.1,977.0,0.0,0.0,0.0,3,17.0,2.4,0.0,Santa Cruz,304.0,
2025-11-17 07:00:00,14.7,4.4,50.0,55.8,974.7,0.0,0.0,0.0,3,17.0,2.6,0.4,Santa Cruz,296.0,
2025-11-17 08:00:00,16.1,3.8,44.0,57.2,972.2,0.0,0.0,0.0,2,17.0,3.6,1.4,Santa Cruz,294.0,
2025-11-17 09:00:00,16.2,3.6,43.0,76.0,973.0,0.2,0.0,0.0,17,5.8,0.0,2.0,Santa Cruz,266.0,
2025-11-17 10:00:00,13.9,2.8,47.0,79.6,975.3,0.0,0.0,0.0,3,17.0,-3.1,4.3,Santa Cruz,256.0,
2025-11-17 11:00:00,12.2,-0.0,43.0,78.8,977.7,0.2,0.0,0.0,7,5.8,-5.1,6.0,Santa Cruz,236.0,
2025-11-17 12:00:00,13.5,-6.1,25.0,76.0,979.1,0.0,0.0,0.0,3,17.0,-4.0,8.2,Santa Cruz,241.0,
2025-11-17 13:00:00,13.8,-5.4,26.0,74.9,980.5,0.0,0.0,0.0,3,17.0,-3.4,8.7,Santa Cruz,241.0,
2025-11-17 14:00:00,14.7,-6.2,23.0,76.3,981.3,0.0,0.0,0.0,2,17.0,-2.9,10.1,Santa Cruz,244.0,
2025-11-17 15:00:00,14.4,-5.9,24.0,77.0,982.2,0.0,0.0,0.0,3,17.0,-3.3,5.9,Santa Cruz,250.0,
2025-11-17 16:00:00,13.8,-5.4,26.0,77.4,983.2,0.0,0.0,0.0,3,17.0,-3.9,3.8,Santa Cruz,251.0,
2025-11-17 17:00:00,12.9,-3.8,31.0,75.2,984.1,0.0,0.0,0.0,3,17.0,-4.2,2.0,Santa Cruz,253.0,
2025-11-17 18:00:00,12.8,-5.3,28.0,74.2,985.0,0.0,0.0,0.0,3,17.0,-4.3,0.9,Santa Cruz,251.0,
2025-11-17 19:00:00,12.7,-5.8,27.0,70.9,985.6,0.0,0.0,0.0,2,17.0,-3.8,0.4,Santa Cruz,250.0,
2025-11-17 20:00:00,11.6,-5.0,31.0,69.5,986.5,0.0,0.0,0.0,2,17.0,-4.5,0.0,Santa Cruz,246.0,
2025-11-17 21:00:00,10.7,-3.4,37.0,60.8,987.8,0.0,0.0,0.0,2,17.0,-3.6,0.0,Santa Cruz,247.0,
2025-11-17 22:00:00,9.9,-3.1,40.0,54.0,989.1,0.0,0.0,0.0,1,17.0,5.2,0.0,Santa Cruz,246.0,
2025-11-17 23:00:00,9.1,-1.9,46.0,50.4,989.9,0.0,0.0,0.0,2,17.0,4.2,0.0,Santa Cruz,251.0,
2025-11-18 00:00:00,8.5,-2.2,47.0,47.5,990.4,0.0,0.0,0.0,1,17.0,3.6,0.0,Santa Cruz,254.0,
2025-11-18 01:00:00,8.1,-2.2,48.0,47.2,990.7,0.0,0.0,0.0,1,17.0,3.0,0.0,Santa Cruz,256.0,
2025-11-18 02:00:00,7.6,-1.6,52.0,49.0,991.0,0.0,0.0,0.0,1,17.0,2.3,0.0,Santa Cruz,255.0,
2025-11-18 03:00:00,7.3,-1.9,52.0,49.3,991.0,0.0,0.0,0.0,1,17.0,1.8,0.0,Santa Cruz,253.0,
2025-11-18 04:00:00,7.1,-1.6,54.0,49.7,991.8,0.0,0.0,0.0,3,17.0,1.6,0.0,Santa Cruz,249.0,
2025-11-18 05:00:00,7.1,-2.1,52.0,50.0,992.3,0.0,0.0,0.0,3,17.0,1.5,0.0,Santa Cruz,245.0,
2025-11-18 06:00:00,7.2,-2.0,52.0,52.2,993.1,0.0,0.0,0.0,3,17.0,1.6,0.0,Santa Cruz,244.0,
2025-11-18 07:00:00,8.1,-2.0,49.0,55.4,993.8,0.0,0.0,0.0,3,17.0,2.6,0.4,Santa Cruz,241.0,
2025-11-18 08:00:00,8.9,-1.5,48.0,62.3,994.5,0.0,0.0,0.0,3,17.0,3.5,1.1,Santa Cruz,240.0,
2025-11-18 09:00:00,9.8,-0.1,50.0,73.4,995.3,0.0,0.0,0.0,3,17.0,4.3,2.4,Santa Cruz,232.0,
2025-11-18 10:00:00,10.9,-1.2,43.0,71.3,995.6,0.0,0.0,0.0,3,17.0,-5.1,4.3,Santa Cruz,231.0,
2025-11-18 11:00:00,11.8,-1.0,41.0,70.6,995.9,0.0,0.0,0.0,3,17.0,-4.1,6.4,Santa Cruz,227.0,
2025-11-18 12:00:00,12.4,-0.8,40.0,69.5,996.6,0.0,0.0,0.0,3,17.0,-3.2,8.2,Santa Cruz,224.0,
2025-11-18 13:00:00,13.3,-0.4,39.0,70.6,997.3,0.1,0.0,0.0,17,5.9,-2.5,7.5,Santa Cruz,220.0,
2025-11-18 14:00:00,14.2,-1.0,35.0,68.0,998.4,0.1,0.0,0.0,17,5.9,-1.2,6.7,Santa Cruz,217.0,
2025-11-18 15:00:00,12.9,-0.7,39.0,61.6,1000.0,0.0,0.0,0.0,3,17.0,-1.2,5.9,Santa Cruz,213.0,
2025-11-18 16:00:00,13.1,-0.2,40.0,58.0,1000.8,0.3,0.0,0.0,8,5.7,-0.2,3.0,Santa Cruz,212.0,
2025-11-18 17:00:00,13.1,0.5,42.0,56.5,1002.3,0.5,0.0,0.0,8,5.5,0.2,1.6,Santa Cruz,205.0,
2025-11-18 18:00:00,9.5,4.3,70.0,44.3,1004.2,0.8,0.0,0.0,8,5.2,5.1,0.7,Santa Cruz,189.0,
2025-11-18 19:00:00,8.7,4.1,73.0,32.4,1005.5,0.2,0.0,0.0,7,5.8,4.7,0.3,Santa Cruz,205.0,
2025-11-18 20:00:00,8.5,3.9,73.0,38.2,1006.5,0.0,0.0,0.0,3,14.0,4.1,0.0,Santa Cruz,207.0,
2025-11-18 21:00:00,8.7,3.7,71.0,27.4,1006.8,0.0,0.0,0.0,3,19.0,5.1,0.0,Santa Cruz,211.0,
2025-11-18 22:00:00,9.3,2.4,62.0,36.7,1007.7,0.0,0.0,0.0,3,17.0,5.2,0.0,Santa Cruz,202.0,
2025-11-18 23:00:00,9.2,0.4,54.0,39.6,1008.2,0.0,0.0,0.0,3,17.0,4.9,0.0,Santa Cruz,217.0,
2025-11-19 00:00:00,8.5,0.5,57.0,41.4,1008.9,0.0,0.0,0.0,3,17.0,3.9,0.0,Santa Cruz,218.0,
2025-11-19 01:00:00,8.1,0.1,57.0,41.0,1009.1,0.0,0.0,0.0,2,17.0,3.4,0.0,Santa Cruz,219.0,
2025-11-19 02:00:00,7.5,0.2,60.0,35.6,1008.8,0.0,0.0,0.0,2,17.0,2.9,0.0,Santa Cruz,220.0,
2025-11-19 03:00:00,6.9,-0.3,60.0,37.4,1008.9,0.0,0.0,0.0,2,17.0,2.0,0.0,Santa Cruz,226.0,
2025-11-19 04:00:00,6.5,-0.0,63.0,34.9,1009.1,0.0,0.0,0.0,1,22.0,1.6,0.0,Santa Cruz,233.0,
2025-11-19 05:00:00,6.2,-0.1,64.0,32.0,1009.4,0.0,0.0,0.0,1,22.0,1.5,0.0,Santa Cruz,228.0,
2025-11-19 06:00:00,6.0,0.1,66.0,27.7,1009.3,0.0,0.0,0.0,2,19.0,1.6,0.0,Santa Cruz,234.0,
2025-11-19 07:00:00,6.8,0.3,63.0,32.4,1009.3,0.0,0.0,0.0,2,22.0,2.2,0.6,Santa Cruz,231.0,
2025-11-19 08:00:00,7.9,0.4,59.0,28.8,1009.2,0.0,0.0,0.0,2,22.0,3.9,1.4,Santa Cruz,229.0,
2025-11-19 09:00:00,9.0,0.7,56.0,28.4,1008.8,0.0,0.0,0.0,1,22.0,5.4,3.4,Santa Cruz,226.0,
2025-11-19 10:00:00,10.2,0.8,52.0,32.0,1008.1,0.0,0.0,0.0,3,22.0,2.1,4.3,Santa Cruz,215.0,
2025-11-19 11:00:00,10.8,0.2,48.0,28.8,1007.7,0.0,0.0,0.0,3,22.0,3.2,6.4,Santa Cruz,213.0,
2025-11-19 12:00:00,11.3,-0.2,45.0,24.8,1007.2,0.0,0.0,0.0,3,22.0,4.5,8.2,Santa Cruz,209.0,
2025-11-19 13:00:00,11.2,0.6,48.0,19.8,1006.7,0.0,0.0,0.0,3,22.0,5.5,8.7,Santa Cruz,178.0,
2025-11-19 14:00:00,9.9,1.8,57.0,25.2,1006.2,0.0,0.0,0.0,3,22.0,6.8,7.8,Santa Cruz,125.0,
2025-11-19 15:00:00,9.3,3.7,68.0,24.5,1005.6,0.0,0.0,0.0,3,19.0,6.1,5.9,Santa Cruz,92.0,
2025-11-19 16:00:00,8.6,3.4,70.0,21.6,1005.6,0.0,0.0,0.0,3,19.0,5.5,3.8,Santa Cruz,68.0,
2025-11-19 17:00:00,9.1,2.4,63.0,20.9,1005.3,0.0,0.0,0.0,3,22.0,6.2,2.0,Santa Cruz,75.0,
2025-11-19 18:00:00,9.4,3.6,67.0,19.8,1005.1,0.0,0.0,0.0,3,19.0,6.6,0.9,Santa Cruz,68.0,
2025-11-19 19:00:00,9.6,3.6,66.0,14.0,1004.8,0.0,0.0,0.0,3,19.0,7.5,0.3,Santa Cruz,57.0,
2025-11-19 20:00:00,9.0,3.8,70.0,14.0,1005.1,0.0,0.0,0.0,3,19.0,6.8,0.0,Santa Cruz,56.0,
2025-11-19 21:00:00,8.2,4.2,76.0,10.1,1005.2,0.0,0.0,0.0,2,17.0,6.5,0.0,Santa Cruz,25.0,
2025-11-19 22:00:00,7.9,4.1,77.0,10.8,1005.7,0.0,0.0,0.0,2,17.0,6.0,0.0,Santa Cruz,354.0,
2025-11-19 23:00:00,7.7,4.3,79.0,7.9,1006.1,0.0,0.0,0.0,2,17.0,6.3,0.0,Santa Cruz,329.0,
2025-11-20 00:00:00,7.8,4.2,78.0,8.6,1006.2,0.0,0.0,0.0,3,17.0,6.3,0.0,Santa Cruz,336.0,
2025-11-20 01:00:00,8.0,4.0,76.0,8.6,1006.6,0.0,0.0,0.0,3,17.0,6.5,0.0,Santa Cruz,306.0,
2025-11-20 02:00:00,7.9,3.9,76.0,12.6,1006.7,0.2,0.0,0.0,7,5.8,5.7,0.0,Santa Cruz,284.0,
2025-11-20 03:00:00,7.8,3.8,76.0,13.3,1006.6,0.1,0.0,0.0,7,5.9,5.4,0.0,Santa Cruz,284.0,
2025-11-20 04:00:00,8.0,3.8,75.0,13.0,1006.8,0.0,0.0,0.0,3,19.0,5.7,0.0,Santa Cruz,263.0,
2025-11-20 05:00:00,7.9,3.6,74.0,13.0,1007.1,0.0,0.0,0.0,3,19.0,5.6,0.0,Santa Cruz,235.0,
2025-11-20 06:00:00,8.1,3.7,74.0,15.5,1007.8,0.0,0.0,0.0,3,19.0,5.5,0.0,Santa Cruz,213.0,
2025-11-20 07:00:00,8.4,4.0,74.0,16.6,1008.5,0.0,0.0,0.0,3,19.0,5.7,0.4,Santa Cruz,212.0,
2025-11-20 08:00:00,9.1,4.1,71.0,15.1,1009.1,0.0,0.0,0.0,3,19.0,6.8,1.1,Santa Cruz,212.0,
2025-11-20 09:00:00,10.3,3.6,63.0,18.0,1009.4,0.0,0.0,0.0,3,22.0,5.4,2.4,Santa Cruz,212.0,
2025-11-20 10:00:00,10.6,3.8,63.0,22.7,1009.8,0.0,0.0,0.0,3,22.0,4.8,4.3,Santa Cruz,216.0,
2025-11-20 11:00:00,11.2,3.5,59.0,24.5,1009.8,0.1,0.0,0.0,17,5.9,5.0,5.5,Santa Cruz,212.0,
2025-11-20 12:00:00,11.8,3.1,55.0,24.8,1009.8,0.0,0.0,0.0,3,22.0,5.5,8.2,Santa Cruz,195.0,
2025-11-20 13:00:00,11.1,3.1,58.0,21.2,1010.1,0.0,0.0,0.0,3,22.0,5.5,8.7,Santa Cruz,148.0,
2025-11-20 14:00:00,9.6,5.2,74.0,24.1,1010.5,0.0,0.0,0.0,3,19.0,6.5,7.9,Santa Cruz,118.0,
2025-11-20 15:00:00,9.2,4.4,72.0,20.5,1010.9,0.0,0.0,0.0,3,19.0,6.3,5.9,Santa Cruz,119.0,
2025-11-20 16:00:00,9.6,3.8,67.0,17.6,1011.2,0.0,0.0,0.0,3,19.0,7.1,3.8,Santa Cruz,119.0,
2025-11-20 17:00:00,10.3,4.0,65.0,12.2,1011.6,0.0,0.0,0.0,3,22.0,6.6,2.0,Santa Cruz,88.0,
2025-11-20 18:00:00,9.9,4.1,67.0,13.0,1012.1,0.0,0.0,0.0,3,19.0,8.1,0.9,Santa Cruz,67.0,
2025-11-20 19:00:00,9.5,3.7,67.0,14.0,1012.3,0.0,0.0,0.0,3,19.0,7.4,0.3,Santa Cruz,64.0,
2025-11-20 20:00:00,9.7,4.7,71.0,13.7,1012.3,0.0,0.0,0.0,3,19.0,7.7,0.0,Santa Cruz,43.0,
2025-11-20 21:00:00,9.1,5.1,76.0,11.9,1012.5,0.0,0.0,0.0,3,17.0,7.2,0.0,Santa Cruz,37.0,
2025-11-20 22:00:00,8.4,5.7,83.0,10.8,1013.3,0.0,0.0,0.0,3,2.0,6.6,0.0,Santa Cruz,19.0,
2025-11-20 23:00:00,8.2,5.7,84.0,13.3,1013.7,0.0,0.0,0.0,3,2.0,5.9,0.0,Santa Cruz,357.0,
2025-11-21 00:00:00,8.5,5.2,80.0,16.6,1014.1,0.0,0.0,0.0,3,17.0,5.9,0.0,Santa Cruz,338.0,
2025-11-21 01:00:00,8.5,4.3,75.0,14.4,1014.2,0.0,0.0,0.0,3,19.0,6.1,0.0,Santa Cruz,316.0,
2025-11-21 02:00:00,8.5,3.3,70.0,13.0,1014.3,0.0,0.0,0.0,3,19.0,6.3,0.0,Santa Cruz,300.0,
2025-11-21 03:00:00,8.5,3.3,70.0,10.1,1013.6,0.0,0.0,0.0,3,19.0,6.8,0.0,Santa Cruz,302.0,
2025-11-21 04:00:00,8.4,3.2,70.0,8.3,1013.3,0.0,0.0,0.0,3,19.0,7.1,0.0,Santa Cruz,312.0,
2025-11-21 05:00:00,8.5,3.5,71.0,6.8,1013.1,0.0,0.0,0.0,3,19.0,7.5,0.0,Santa Cruz,281.0,
2025-11-21 06:00:00,8.8,3.0,67.0,8.3,1013.0,0.0,0.0,0.0,3,19.0,7.5,0.0,Santa Cruz,184.0,
2025-11-21 07:00:00,8.9,3.1,67.0,11.5,1013.5,0.0,0.0,0.0,3,19.0,7.1,0.4,Santa Cruz,174.0,
2025-11-21 08:00:00,9.4,4.0,69.0,12.2,1014.0,0.0,0.0,0.0,3,19.0,7.6,1.1,Santa Cruz,162.0,
2025-11-21 09:00:00,10.4,4.7,68.0,14.8,1014.3,0.0,0.0,0.0,3,19.0,6.3,2.4,Santa Cruz,144.0,
2025-11-21 10:00:00,11.0,4.9,66.0,14.4,1014.4,0.0,0.0,0.0,3,19.0,7.1,4.3,Santa Cruz,131.0,
2025-11-21 11:00:00,11.4,4.8,64.0,18.4,1015.1,0.0,0.0,0.0,3,22.0,6.7,6.4,Santa Cruz,137.0,
2025-11-21 12:00:00,11.4,5.3,66.0,21.2,1015.5,0.0,0.0,0.0,3,19.0,6.2,8.2,Santa Cruz,131.0,
2025-11-21 13:00:00,11.5,5.4,66.0,19.8,1016.0,0.0,0.0,0.0,3,19.0,6.6,8.7,Santa Cruz,124.0,
2025-11-21 14:00:00,11.1,5.4,68.0,20.2,1016.0,0.0,0.0,0.0,3,19.0,6.1,7.9,Santa Cruz,105.0,
2025-11-21 15:00:00,11.1,5.4,68.0,19.4,1015.7,0.0,0.0,0.0,3,19.0,6.3,5.9,Santa Cruz,74.0,
2025-11-21 16:00:00,12.4,5.3,62.0,21.6,1015.7,0.0,0.0,0.0,1,22.0,7.1,5.4,Santa Cruz,50.0,
2025-11-21 17:00:00,12.4,5.3,62.0,23.0,1015.6,0.0,0.0,0.0,2,22.0,6.9,2.6,Santa Cruz,44.0,
2025-11-21 18:00:00,12.2,5.1,62.0,25.9,1015.6,0.0,0.0,0.0,3,22.0,6.1,0.9,Santa Cruz,42.0,
2025-11-21 19:00:00,11.9,5.1,63.0,27.4,1015.7,0.0,0.0,0.0,3,22.0,5.5,0.3,Santa Cruz,38.0,
2025-11-21 20:00:00,11.9,5.5,65.0,29.5,1015.6,0.0,0.0,0.0,3,22.0,5.1,0.0,Santa Cruz,33.0,
2025-11-21 21:00:00,11.7,5.6,66.0,23.8,1016.0,0.0,0.0,0.0,3,19.0,6.1,0.0,Santa Cruz,34.0,
2025-11-21 22:00:00,11.1,5.6,69.0,18.0,1016.9,0.0,0.0,0.0,3,19.0,6.6,0.0,Santa Cruz,50.0,
2025-11-21 23:00:00,10.6,6.2,74.0,17.6,1017.7,0.0,0.0,0.0,3,19.0,6.3,0.0,Santa Cruz,53.0,
2025-11-22 00:00:00,10.3,6.4,77.0,19.1,1018.2,0.0,0.0,0.0,2,17.0,5.8,0.0,Santa Cruz,38.0,
2025-11-22 01:00:00,10.2,6.5,78.0,20.5,1018.3,0.0,0.0,0.0,2,17.0,5.4,0.0,Santa Cruz,30.0,
2025-11-22 02:00:00,10.9,5.0,67.0,21.2,1017.6,0.0,0.0,0.0,2,19.0,5.7,0.0,Santa Cruz,19.0,
2025-11-22 03:00:00,11.1,4.5,64.0,22.3,1017.1,0.0,0.0,0.0,3,22.0,5.5,0.0,Santa Cruz,14.0,
2025-11-22 04:00:00,10.8,4.5,65.0,23.4,1017.1,0.0,0.0,0.0,1,22.0,5.0,0.0,Santa Cruz,12.0,
2025-11-22 05:00:00,10.4,4.5,67.0,20.2,1017.1,0.0,0.0,0.0,1,19.0,5.3,0.0,Santa Cruz,14.0,
2025-11-22 06:00:00,10.2,5.0,70.0,21.6,1016.8,0.0,0.0,0.0,1,19.0,4.9,0.0,Santa Cruz,14.0,
2025-11-22 07:00:00,10.4,4.7,68.0,20.2,1016.5,0.0,0.0,0.0,3,19.0,5.3,0.4,Santa Cruz,11.0,
2025-11-22 08:00:00,11.4,4.6,63.0,14.4,1016.5,0.0,0.0,0.0,3,22.0,7.4,1.1,Santa Cruz,333.0,
2025-11-22 09:00:00,13.5,3.8,52.0,10.4,1016.1,0.0,0.0,0.0,3,22.0,10.1,2.4,Santa Cruz,271.0,
2025-11-22 10:00:00,15.3,3.7,46.0,13.0,1015.5,0.0,0.0,0.0,3,22.0,11.4,4.2,Santa Cruz,329.0,
2025-11-22 11:00:00,16.9,2.9,39.0,20.9,1014.6,0.0,0.0,0.0,3,22.0,11.3,6.4,Santa Cruz,347.0,
2025-11-22 12:00:00,16.2,3.6,43.0,19.4,1013.8,0.0,0.0,0.0,3,22.0,11.0,8.2,Santa Cruz,19.0,
2025-11-22 13:00:00,17.5,3.0,38.0,23.0,1012.7,0.0,0.0,0.0,3,22.0,11.5,8.7,Santa Cruz,3.0,
2025-11-22 14:00:00,18.4,2.3,34.0,25.6,1011.2,0.0,0.0,0.0,3,22.0,11.8,7.9,Santa Cruz,16.0,
2025-11-22 15:00:00,19.2,1.7,31.0,29.5,1009.6,0.0,0.0,0.0,3,22.0,11.7,5.9,Santa Cruz,15.0,
2025-11-22 16:00:00,20.7,1.0,27.0,25.9,1007.9,0.0,0.0,0.0,3,22.0,13.8,3.8,Santa Cruz,3.0,
2025-11-22 17:00:00,22.0,-0.1,23.0,28.4,1006.5,0.0,0.0,0.0,3,22.0,14.5,2.0,Santa Cruz,329.0,
2025-11-22 18:00:00,23.3,-0.3,21.0,27.7,1005.6,0.0,0.0,0.0,3,22.0,15.9,0.9,Santa Cruz,298.0,
2025-11-22 19:00:00,24.2,0.5,21.0,28.4,1004.6,0.0,0.0,0.0,3,22.0,16.8,0.3,Santa Cruz,283.0,
2025-11-22 20:00:00,23.3,0.4,22.0,28.1,1004.4,0.0,0.0,0.0,3,22.0,15.9,0.0,Santa Cruz,255.0,
2025-11-22 21:00:00,22.2,1.8,26.0,28.4,1004.3,0.0,0.0,0.0,3,22.0,15.0,0.0,Santa Cruz,262.0,
2025-11-22 22:00:00,20.7,4.7,35.0,38.2,1005.2,0.0,0.0,0.0,3,17.0,12.1,0.0,Santa Cruz,256.0,
2025-11-22 23:00:00,19.8,4.7,37.0,32.8,1005.1,0.0,0.0,0.0,3,22.0,12.2,0.0,Santa Cruz,277.0,
2025-11-23 00:00:00,18.0,5.6,44.0,31.0,1005.3,0.0,0.0,0.0,3,22.0,11.0,0.0,Santa Cruz,282.0,
2025-11-23 01:00:00,17.5,5.1,44.0,33.1,1005.1,0.0,0.0,0.0,3,22.0,10.0,0.0,Santa Cruz,279.0,
2025-11-23 02:00:00,17.2,5.2,45.0,32.4,1004.7,0.0,0.0,0.0,3,22.0,9.8,0.0,Santa Cruz,261.0,
2025-11-23 03:00:00,16.6,4.9,46.0,35.6,1004.9,0.0,0.0,0.0,3,17.0,8.5,0.0,Santa Cruz,248.0,
2025-11-23 04:00:00,15.4,5.3,51.0,30.2,1005.1,0.0,0.0,0.0,1,22.0,8.5,0.0,Santa Cruz,243.0,
2025-11-23 05:00:00,14.5,5.3,54.0,26.3,1005.7,0.0,0.0,0.0,2,22.0,8.3,0.0,Santa Cruz,240.0,
2025-11-23 06:00:00,14.0,5.4,56.0,25.6,1006.2,0.0,0.0,0.0,3,22.0,8.0,0.0,Santa Cruz,232.0,
2025-11-23 07:00:00,14.3,5.4,55.0,23.4,1006.6,0.0,0.0,0.0,3,22.0,8.7,0.4,Santa Cruz,231.0,
2025-11-23 08:00:00,15.4,5.6,52.0,24.8,1006.6,0.0,0.0,0.0,3,22.0,9.6,1.1,Santa Cruz,223.0,
2025-11-23 09:00:00,15.6,5.5,51.0,24.5,1007.3,0.0,0.0,0.0,3,22.0,9.8,2.4,Santa Cruz,199.0,
2025-11-23 10:00:00,14.5,5.8,56.0,27.7,1007.7,0.0,0.0,0.0,3,22.0,8.2,4.2,Santa Cruz,149.0,
2025-11-23 11:00:00,12.6,6.2,65.0,29.9,1008.1,0.0,0.0,0.0,3,22.0,5.9,6.4,Santa Cruz,133.0,
2025-11-23 12:00:00,11.7,6.0,68.0,27.4,1008.6,0.0,0.0,0.0,3,19.0,5.5,8.2,Santa Cruz,116.0,
2025-11-23 13:00:00,12.1,5.3,63.0,24.5,1008.7,0.0,0.0,0.0,3,22.0,6.3,8.7,Santa Cruz,111.0,
2025-11-23 14:00:00,12.0,4.7,61.0,23.8,1009.0,0.0,0.0,0.0,3,22.0,6.2,7.9,Santa Cruz,98.0,
2025-11-23 15:00:00,11.5,4.5,62.0,25.9,1008.7,0.0,0.0,0.0,3,22.0,5.2,5.9,Santa Cruz,82.0,
2025-11-23 16:00:00,11.9,4.4,60.0,23.8,1008.3,0.0,0.0,0.0,3,22.0,6.0,3.8,Santa Cruz,76.0,
2025-11-23 17:00:00,11.9,3.9,58.0,23.4,1008.0,0.0,0.0,0.0,2,22.0,6.0,2.6,Santa Cruz,73.0,
2025-11-23 18:00:00,11.9,3.9,58.0,22.0,1007.9,0.0,0.0,0.0,3,22.0,6.3,0.9,Santa Cruz,64.0,
2025-11-23 19:00:00,11.4,3.9,60.0,21.6,1008.0,0.0,0.0,0.0,3,22.0,5.9,0.3,Santa Cruz,55.0,
2025-11-23 20:00:00,11.0,3.8,61.0,23.0,1007.9,0.0,0.0,0.0,3,22.0,5.2,0.0,Santa Cruz,38.0,
2025-11-23 21:00:00,10.7,3.9,63.0,18.7,1008.0,0.0,0.0,0.0,3,22.0,5.7,0.0,Santa Cruz,35.0,
2025-11-23 22:00:00,10.3,4.4,67.0,22.7,1008.0,0.0,0.0,0.0,3,19.0,4.7,0.0,Santa Cruz,28.0,
2025-11-23 23:00:00,10.2,4.3,67.0,23.0,1007.9,0.0,0.0,0.0,3,19.0,4.5,0.0,Santa Cruz,26.0,
2025-11-24 00:00:00,10.1,4.3,67.0,21.6,1007.6,0.0,0.0,0.0,3,19.0,4.6,0.0,Santa Cruz,30.0,
2025-11-24 01:00:00,10.0,4.2,67.0,22.7,1006.9,0.0,0.0,0.0,3,19.0,7.1,0.0,Santa Cruz,28.0,
2025-11-24 02:00:00,10.0,4.2,67.0,24.1,1006.1,0.0,0.0,0.0,3,19.0,7.0,0.0,Santa Cruz,29.0,
2025-11-24 03:00:00,9.8,4.6,70.0,23.4,1005.1,0.0,0.0,0.0,3,19.0,6.8,0.0,Santa Cruz,28.0,
2025-11-24 04:00:00,9.5,5.7,77.0,19.8,1004.5,0.0,0.0,0.0,3,17.0,6.8,0.0,Santa Cruz,23.0,
2025-11-24 05:00:00,9.4,6.1,80.0,12.6,1004.1,0.0,0.0,0.0,3,17.0,7.5,0.0,Santa Cruz,19.0,
2025-11-24 06:00:00,9.2,6.6,84.0,9.0,1004.3,0.0,0.0,0.0,3,2.0,7.9,0.0,Santa Cruz,113.0,
2025-11-24 07:00:00,9.2,7.3,88.0,14.8,1005.0,0.0,0.0,0.0,3,0.8,7.0,0.4,Santa Cruz,140.0,
2025-11-24 08:00:00,9.5,6.8,83.0,22.0,1005.3,0.0,0.0,0.0,3,2.0,6.6,1.1,Santa Cruz,165.0,
2025-11-24 09:00:00,9.5,4.3,70.0,28.8,1006.3,0.0,0.0,0.0,3,19.0,6.0,2.4,Santa Cruz,149.0,
2025-11-24 10:00:00,10.1,3.6,64.0,27.4,1007.2,0.0,0.0,0.0,2,22.0,3.4,5.4,Santa Cruz,143.0,
2025-11-24 11:00:00,10.2,3.7,64.0,23.4,1007.7,0.0,0.0,0.0,1,22.0,4.3,9.2,Santa Cruz,140.0,
2025-11-24 12:00:00,10.4,3.7,63.0,19.1,1007.8,0.0,0.0,0.0,1,22.0,5.3,11.7,Santa Cruz,118.0,
2025-11-24 13:00:00,10.8,4.3,64.0,19.8,1008.0,0.0,0.0,0.0,1,22.0,5.7,12.5,Santa Cruz,98.0,
2025-11-24 14:00:00,10.7,4.2,64.0,19.8,1007.6,0.0,0.0,0.0,3,22.0,5.6,7.9,Santa Cruz,76.0,
2025-11-24 15:00:00,10.9,4.4,64.0,24.1,1007.5,0.0,0.0,0.0,3,22.0,5.0,5.9,Santa Cruz,53.0,
2025-11-24 16:00:00,11.0,4.7,65.0,26.3,1007.3,0.0,0.0,0.0,3,22.0,4.7,3.8,Santa Cruz,52.0,
2025-11-24 17:00:00,10.5,4.6,67.0,27.0,1007.2,0.0,0.0,0.0,3,19.0,4.1,2.0,Santa Cruz,50.0,
2025-11-24 18:00:00,11.2,4.6,64.0,25.9,1006.7,0.0,0.0,0.0,2,22.0,5.0,1.2,Santa Cruz,53.0,
2025-11-24 19:00:00,11.2,4.6,64.0,23.0,1007.4,0.0,0.0,0.0,2,22.0,5.5,0.4,Santa Cruz,52.0,
2025-11-24 20:00:00,11.3,4.5,63.0,24.1,1008.0,0.0,0.0,0.0,3,22.0,5.4,0.0,Santa Cruz,35.0,
2025-11-24 21:00:00,11.1,4.3,63.0,17.6,1008.8,0.0,0.0,0.0,2,22.0,6.4,0.0,Santa Cruz,22.0,
2025-11-24 22:00:00,10.9,4.8,66.0,16.9,1010.1,0.0,0.0,0.0,1,19.0,6.4,0.0,Santa Cruz,26.0,
2025-11-24 23:00:00,10.8,4.3,64.0,21.2,1010.2,0.0,0.0,0.0,1,22.0,5.4,0.0,Santa Cruz,18.0,
2025-11-25 00:00:00,10.6,4.1,64.0,19.1,1010.2,0.0,0.0,0.0,1,22.0,5.6,0.0,Santa Cruz,19.0,
2025-11-25 01:00:00,10.3,4.0,65.0,17.6,1010.3,0.0,0.0,0.0,2,22.0,5.6,0.0,Santa Cruz,25.0,
2025-11-25 02:00:00,10.1,4.0,66.0,17.3,1010.2,0.0,0.0,0.0,3,19.0,5.4,0.0,Santa Cruz,32.0,
2025-11-25 03:00:00,9.9,4.1,67.0,16.2,1010.2,0.0,0.0,0.0,3,19.0,7.6,0.0,Santa Cruz,38.0,
2025-11-25 04:00:00,9.3,4.3,71.0,16.6,1010.2,0.0,0.0,0.0,3,19.0,6.9,0.0,Santa Cruz,41.0,
2025-11-25 05:00:00,9.4,4.0,69.0,15.8,1009.7,0.0,0.0,0.0,3,19.0,7.1,0.0,Santa Cruz,51.0,
2025-11-25 06:00:00,9.3,4.1,70.0,16.9,1009.6,0.0,0.0,0.0,3,19.0,6.8,0.0,Santa Cruz,55.0,
2025-11-25 07:00:00,9.8,4.8,71.0,18.4,1009.4,0.0,0.0,0.0,3,19.0,7.3,0.4,Santa Cruz,61.0,
2025-11-25 08:00:00,10.3,4.4,67.0,18.4,1009.5,0.0,0.0,0.0,3,19.0,5.5,1.1,Santa Cruz,66.0,
2025-11-25 09:00:00,10.6,5.1,69.0,21.2,1009.4,0.0,0.0,0.0,3,19.0,5.4,2.4,Santa Cruz,103.0,
2025-11-25 10:00:00,11.0,5.7,70.0,20.9,1009.2,0.0,0.0,0.0,3,19.0,6.0,4.2,Santa Cruz,114.0,
2025-11-25 11:00:00,11.4,5.7,68.0,18.7,1008.7,0.0,0.0,0.0,3,19.0,6.8,6.4,Santa Cruz,116.0,
2025-11-25 12:00:00,11.7,5.6,66.0,17.6,1008.2,0.0,0.0,0.0,3,19.0,7.3,8.2,Santa Cruz,120.0,
2025-11-25 13:00:00,12.3,5.7,64.0,18.0,1007.8,0.0,0.0,0.0,3,22.0,7.8,8.7,Santa Cruz,122.0,
2025-11-25 14:00:00,12.8,6.2,64.0,20.9,1006.7,0.0,0.0,0.0,3,22.0,7.9,7.9,Santa Cruz,113.0,
2025-11-25 15:00:00,12.7,6.3,65.0,22.3,1005.7,0.0,0.0,0.0,3,22.0,7.5,5.9,Santa Cruz,109.0,
2025-11-25 16:00:00,12.8,6.4,65.0,22.3,1004.7,0.0,0.0,0.0,3,22.0,7.6,3.8,Santa Cruz,98.0,
2025-11-25 17:00:00,13.1,6.4,64.0,20.2,1004.2,0.0,0.0,0.0,3,22.0,8.3,2.0,Santa Cruz,96.0,
2025-11-25 18:00:00,12.9,6.7,66.0,26.6,1002.7,0.0,0.0,0.0,3,19.0,7.0,0.9,Santa Cruz,101.0,
2025-11-25 19:00:00,13.5,7.7,68.0,19.8,1002.5,0.0,0.0,0.0,3,19.0,9.1,0.3,Santa Cruz,76.0,
2025-11-25 20:00:00,13.2,7.8,70.0,23.4,1001.8,0.0,0.0,0.0,3,19.0,8.1,0.0,Santa Cruz,47.0,
2025-11-25 21:00:00,12.1,7.0,71.0,19.8,1001.7,0.0,0.0,0.0,3,19.0,7.6,0.0,Santa Cruz,29.0,
2025-11-25 22:00:00,13.2,7.2,67.0,20.9,1001.0,0.0,0.0,0.0,3,19.0,8.5,0.0,Santa Cruz,32.0,
2025-11-25 23:00:00,19.2,4.9,39.0,42.5,999.9,0.0,0.0,0.0,3,17.0,9.8,0.0,Santa Cruz,277.0,
2025-11-26 00:00:00,19.5,4.8,38.0,44.3,998.9,0.0,0.0,0.0,3,17.0,9.7,0.0,Santa Cruz,273.0,
2025-11-26 01:00:00,18.7,4.8,40.0,47.2,998.8,0.0,0.0,0.0,3,17.0,8.4,0.0,Santa Cruz,279.0,
2025-11-26 02:00:00,18.1,4.6,41.0,44.6,999.0,0.0,0.0,0.0,3,17.0,8.2,0.0,Santa Cruz,280.0,
2025-11-26 03:00:00,17.8,4.4,41.0,43.9,998.5,0.0,0.0,0.0,3,17.0,8.0,0.0,Santa Cruz,281.0,
2025-11-26 04:00:00,17.3,4.3,42.0,38.2,998.1,0.0,0.0,0.0,3,17.0,8.6,0.0,Santa Cruz,288.0,
2025-11-26 05:00:00,16.9,3.9,42.0,36.4,997.9,0.0,0.0,0.0,3,17.0,8.5,0.0,Santa Cruz,292.0,
2025-11-26 06:00:00,16.8,4.5,44.0,35.3,998.1,0.0,0.0,0.0,3,17.0,8.7,0.0,Santa Cruz,292.0,
2025-11-26 07:00:00,16.8,4.8,45.0,36.4,998.7,0.0,0.0,0.0,3,17.0,8.6,0.4,Santa Cruz,290.0,
2025-11-26 08:00:00,16.9,4.9,45.0,35.3,998.7,0.0,0.0,0.0,3,17.0,8.9,1.1,Santa Cruz,290.0,
2025-11-26 09:00:00,17.6,5.2,44.0,34.6,998.8,0.0,0.0,0.0,3,22.0,9.8,2.3,Santa Cruz,285.0,
2025-11-26 10:00:00,18.8,4.9,40.0,34.6,998.9,0.0,0.0,0.0,3,22.0,10.9,4.2,Santa Cruz,273.0,
2025-11-26 11:00:00,19.8,4.3,36.0,37.1,999.0,0.0,0.0,0.0,3,17.0,11.3,6.4,Santa Cruz,251.0,
2025-11-26 12:00:00,20.3,3.1,32.0,39.2,999.5,0.0,0.0,0.0,3,17.0,11.2,8.2,Santa Cruz,256.0,
2025-11-26 13:00:00,18.3,3.4,37.0,38.2,1000.1,0.0,0.0,0.0,3,17.0,9.4,8.7,Santa Cruz,208.0,
2025-11-26 14:00:00,14.8,5.0,52.0,32.4,1000.9,0.0,0.0,0.0,3,22.0,7.4,7.9,Santa Cruz,136.0,
2025-11-26 15:00:00,12.4,6.2,66.0,26.3,1001.2,0.0,0.0,0.0,3,19.0,6.4,6.0,Santa Cruz,110.0,
2025-11-26 16:00:00,11.7,6.2,69.0,25.9,1001.2,0.0,0.0,0.0,3,19.0,5.8,3.8,Santa Cruz,80.0,
2025-11-26 17:00:00,11.0,5.7,70.0,23.4,1001.5,0.0,0.0,0.0,3,19.0,5.5,2.0,Santa Cruz,67.0,
2025-11-26 18:00:00,10.7,6.1,73.0,20.5,1001.8,0.0,0.0,0.0,3,19.0,5.8,0.9,Santa Cruz,55.0,
2025-11-26 19:00:00,10.8,6.2,73.0,26.3,1001.9,0.0,0.0,0.0,3,19.0,4.8,0.3,Santa Cruz,33.0,
2025-11-26 20:00:00,11.7,7.0,73.0,32.0,1001.6,0.0,0.0,0.0,3,19.0,4.8,0.0,Santa Cruz,28.0,
2025-11-26 21:00:00,12.4,7.3,71.0,26.6,1002.3,0.0,0.0,0.0,3,19.0,6.6,0.0,Santa Cruz,46.0,
2025-11-26 22:00:00,10.0,6.9,81.0,31.0,1004.7,0.0,0.0,0.0,3,17.0,6.5,0.0,Santa Cruz,106.0,
2025-11-26 23:00:00,11.2,5.7,69.0,22.7,1005.5,0.0,0.0,0.0,3,19.0,5.8,0.0,Santa Cruz,77.0,
2025-11-27 00:00:00,11.5,5.4,66.0,12.6,1006.5,0.0,0.0,0.0,3,19.0,8.0,0.0,Santa Cruz,250.0,
2025-11-27 01:00:00,12.3,2.2,50.0,25.9,1007.7,0.0,0.0,0.0,3,22.0,5.6,0.0,Santa Cruz,200.0,
2025-11-27 02:00:00,11.4,2.7,55.0,19.4,1008.4,0.0,0.0,0.0,3,22.0,6.1,0.0,Santa Cruz,202.0,
2025-11-27 03:00:00,10.7,3.0,59.0,25.9,1009.3,0.0,0.0,0.0,3,22.0,4.2,0.0,Santa Cruz,194.0,
2025-11-27 04:00:00,10.3,3.3,62.0,28.8,1010.3,0.0,0.0,0.0,3,22.0,3.3,0.0,Santa Cruz,198.0,
2025-11-27 05:00:00,9.6,2.7,62.0,31.0,1011.5,0.0,0.0,0.0,3,22.0,6.0,0.0,Santa Cruz,202.0,
2025-11-27 06:00:00,8.8,3.2,68.0,31.7,1013.1,0.0,0.0,0.0,1,19.0,4.9,0.0,Santa Cruz,206.0,
2025-11-27 07:00:00,8.8,2.6,65.0,34.6,1014.3,0.0,0.0,0.0,2,22.0,4.7,0.6,Santa Cruz,208.0,
2025-11-27 08:00:00,8.9,0.4,55.0,33.1,1015.5,0.0,0.0,0.0,2,22.0,4.9,1.4,Santa Cruz,211.0,
2025-11-27 09:00:00,9.7,-1.7,45.0,33.1,1016.2,0.0,0.0,0.0,1,22.0,6.0,3.3,Santa Cruz,209.0,
2025-11-27 10:00:00,10.6,-2.1,41.0,31.7,1016.8,0.0,0.0,0.0,1,22.0,2.2,6.0,Santa Cruz,206.0,
2025-11-27 11:00:00,11.6,-3.3,35.0,32.4,1017.0,0.0,0.0,0.0,1,22.0,2.9,9.2,Santa Cruz,201.0,
2025-11-27 12:00:00,12.3,-3.5,33.0,33.8,1017.1,0.0,0.0,0.0,1,22.0,3.3,11.7,Santa Cruz,196.0,
2025-11-27 13:00:00,13.4,-4.3,29.0,33.5,1017.2,0.0,0.0,0.0,1,22.0,4.4,12.5,Santa Cruz,190.0,
2025-11-27 14:00:00,13.4,-4.7,28.0,38.9,1017.1,0.0,0.0,0.0,1,17.0,3.3,11.2,Santa Cruz,160.0,
2025-11-27 15:00:00,11.8,1.7,50.0,42.1,1017.1,0.0,0.0,0.0,3,17.0,1.9,6.0,Santa Cruz,130.0,
2025-11-27 16:00:00,12.5,-0.7,40.0,38.5,1017.3,0.0,0.0,0.0,3,17.0,2.9,3.8,Santa Cruz,142.0,
2025-11-27 17:00:00,11.4,0.5,47.0,29.9,1018.1,0.0,0.0,0.0,2,22.0,3.7,2.6,Santa Cruz,103.0,
2025-11-27 18:00:00,10.1,2.0,57.0,24.8,1019.0,0.0,0.0,0.0,3,22.0,3.6,0.9,Santa Cruz,38.0,
2025-11-27 19:00:00,10.9,-1.2,43.0,20.5,1019.2,0.0,0.0,0.0,2,22.0,4.8,0.4,Santa Cruz,60.0,
2025-11-27 20:00:00,10.3,1.1,53.0,20.5,1019.7,0.0,0.0,0.0,1,22.0,4.5,0.0,Santa Cruz,37.0,
2025-11-27 21:00:00,10.0,0.9,53.0,16.9,1019.8,0.0,0.0,0.0,1,22.0,7.7,0.0,Santa Cruz,28.0,
2025-11-27 22:00:00,9.6,2.2,60.0,17.6,1020.0,0.0,0.0,0.0,1,22.0,7.1,0.0,Santa Cruz,29.0,
2025-11-27 23:00:00,9.5,2.1,60.0,18.0,1020.5,0.0,0.0,0.0,1,22.0,7.0,0.0,Santa Cruz,14.0,
2025-11-28 00:00:00,9.6,0.7,54.0,19.4,1021.0,0.0,0.0,0.0,1,22.0,6.9,0.0,Santa Cruz,353.0,
2025-11-28 01:00:00,9.6,-0.6,49.0,22.0,1021.2,0.0,0.0,0.0,1,22.0,6.7,0.0,Santa Cruz,340.0,
2025-11-28 02:00:00,9.3,-0.9,49.0,19.8,1020.5,0.0,0.0,0.0,1,22.0,6.5,0.0,Santa Cruz,332.0,
2025-11-28 03:00:00,9.1,-1.0,49.0,15.8,1020.1,0.0,0.0,0.0,1,22.0,6.7,0.0,Santa Cruz,334.0,
2025-11-28 04:00:00,9.1,-1.3,48.0,16.2,1019.8,0.0,0.0,0.0,1,22.0,6.7,0.0,Santa Cruz,340.0,
2025-11-28 05:00:00,9.0,-0.9,50.0,20.5,1019.7,0.0,0.0,0.0,1,22.0,6.1,0.0,Santa Cruz,343.0,
2025-11-28 06:00:00,8.6,2.6,66.0,25.6,1018.8,0.0,0.0,0.0,2,19.0,5.1,0.0,Santa Cruz,10.0,
2025-11-28 07:00:00,9.1,3.5,68.0,23.4,1018.2,0.0,0.0,0.0,1,19.0,5.9,0.6,Santa Cruz,12.0,
2025-11-28 08:00:00,10.1,4.0,66.0,16.9,1017.9,0.0,0.0,0.0,1,19.0,5.5,1.6,Santa Cruz,18.0,
2025-11-28 09:00:00,11.3,4.5,63.0,9.7,1017.6,0.0,0.0,0.0,1,22.0,8.2,3.3,Santa Cruz,17.0,
2025-11-28 10:00:00,12.6,4.6,58.0,11.5,1017.3,0.0,0.0,0.0,1,22.0,9.2,6.0,Santa Cruz,166.0,
2025-11-28 11:00:00,13.5,4.4,54.0,16.9,1017.0,0.0,0.0,0.0,1,22.0,9.0,9.1,Santa Cruz,150.0,
2025-11-28 12:00:00,13.0,4.7,57.0,24.8,1016.8,0.0,0.0,0.0,3,22.0,7.0,8.2,Santa Cruz,138.0,
2025-11-28 13:00:00,12.3,4.0,57.0,29.9,1016.8,0.0,0.0,0.0,3,22.0,5.2,8.7,Santa Cruz,150.0,
2025-11-28 14:00:00,12.1,3.8,57.0,29.2,1016.2,0.0,0.0,0.0,3,22.0,5.1,7.9,Santa Cruz,140.0,
2025-11-28 15:00:00,12.1,3.3,55.0,31.0,1015.4,0.0,0.0,0.0,1,22.0,4.6,8.5,Santa Cruz,135.0,
2025-11-28 16:00:00,12.6,3.3,53.0,24.1,1014.7,0.0,0.0,0.0,1,22.0,6.5,5.4,Santa Cruz,129.0,
2025-11-28 17:00:00,12.5,3.2,53.0,20.5,1014.6,0.0,0.0,0.0,1,22.0,7.0,2.9,Santa Cruz,111.0,
2025-11-28 18:00:00,12.8,3.2,52.0,18.0,1014.1,0.0,0.0,0.0,1,22.0,7.8,1.3,Santa Cruz,108.0,
2025-11-28 19:00:00,12.5,3.4,54.0,15.1,1013.7,0.0,0.0,0.0,1,22.0,8.1,0.5,Santa Cruz,82.0,
2025-11-28 20:00:00,12.1,3.8,57.0,15.1,1013.5,0.0,0.0,0.0,1,22.0,7.8,0.0,Santa Cruz,38.0,
2025-11-28 21:00:00,11.2,4.6,64.0,13.3,1014.3,0.0,0.0,0.0,1,22.0,7.4,0.0,Santa Cruz,48.0,
2025-11-28 22:00:00,11.2,4.9,65.0,16.9,1015.0,0.0,0.0,0.0,1,22.0,6.8,0.0,Santa Cruz,1.0,
2025-11-28 23:00:00,11.4,4.4,62.0,19.8,1015.4,0.0,0.0,0.0,1,22.0,6.3,0.0,Santa Cruz,342.0,
2025-11-29 00:00:00,11.6,3.6,58.0,14.0,1015.6,0.0,0.0,0.0,1,22.0,7.5,0.0,Santa Cruz,308.0,
2025-11-29 01:00:00,11.3,3.6,59.0,11.9,1015.9,0.0,0.0,0.0,1,22.0,7.6,0.0,Santa Cruz,268.0,
2025-11-29 02:00:00,11.2,3.5,59.0,22.7,1016.1,0.0,0.0,0.0,1,22.0,5.4,0.0,Santa Cruz,184.0,
2025-11-29 03:00:00,10.4,5.0,69.0,27.0,1016.5,0.0,0.0,0.0,1,19.0,4.0,0.0,Santa Cruz,158.0,
2025-11-29 04:00:00,9.8,5.0,72.0,25.2,1016.7,0.0,0.0,0.0,1,19.0,6.7,0.0,Santa Cruz,158.0,
2025-11-29 05:00:00,9.0,5.2,77.0,21.6,1016.9,0.0,0.0,0.0,1,17.0,6.0,0.0,Santa Cruz,169.0,
2025-11-29 06:00:00,8.6,4.4,75.0,21.6,1017.2,0.0,0.0,0.0,1,19.0,5.5,0.0,Santa Cruz,177.0,
2025-11-29 07:00:00,8.9,3.9,71.0,23.0,1017.4,0.0,0.0,0.0,1,19.0,5.7,0.6,Santa Cruz,180.0,
2025-11-29 08:00:00,9.7,3.4,65.0,22.7,1017.5,0.0,0.0,0.0,1,22.0,6.7,1.6,Santa Cruz,181.0,
2025-11-29 09:00:00,10.6,3.2,60.0,21.2,1017.5,0.0,0.0,0.0,1,22.0,5.0,3.3,Santa Cruz,181.0,
2025-11-29 10:00:00,11.6,2.9,55.0,19.1,1017.3,0.0,0.0,0.0,1,22.0,6.4,6.0,Santa Cruz,175.0,
2025-11-29 11:00:00,12.3,2.7,52.0,20.2,1017.0,0.0,0.0,0.0,1,22.0,6.8,9.1,Santa Cruz,151.0,
2025-11-29 12:00:00,12.0,2.7,53.0,24.8,1017.0,0.0,0.0,0.0,1,22.0,5.6,11.7,Santa Cruz,123.0,
2025-11-29 13:00:00,10.9,4.1,63.0,25.6,1017.1,0.0,0.0,0.0,1,22.0,4.6,12.5,Santa Cruz,110.0,
2025-11-29 14:00:00,10.8,3.6,61.0,24.5,1017.2,0.0,0.0,0.0,1,22.0,4.6,11.3,Santa Cruz,106.0,
2025-11-29 15:00:00,11.0,3.3,59.0,21.6,1016.7,0.0,0.0,0.0,1,22.0,5.4,8.5,Santa Cruz,96.0,
2025-11-29 16:00:00,10.9,3.4,60.0,21.6,1016.3,0.0,0.0,0.0,1,22.0,5.3,5.4,Santa Cruz,95.0,
2025-11-29 17:00:00,10.8,3.3,60.0,21.6,1016.2,0.0,0.0,0.0,1,22.0,5.2,2.9,Santa Cruz,90.0,
2025-11-29 18:00:00,10.3,4.0,65.0,22.0,1016.2,0.0,0.0,0.0,1,22.0,4.7,1.3,Santa Cruz,82.0,
2025-11-29 19:00:00,9.8,4.6,70.0,22.3,1016.4,0.0,0.0,0.0,1,19.0,6.9,0.5,Santa Cruz,72.0,
2025-11-29 20:00:00,9.7,4.7,71.0,22.3,1016.4,0.0,0.0,0.0,1,19.0,6.8,0.0,Santa Cruz,68.0,
2025-11-29 21:00:00,8.9,4.9,76.0,22.0,1016.4,0.0,0.0,0.0,1,17.0,5.8,0.0,Santa Cruz,63.0,
2025-11-29 22:00:00,8.8,5.4,79.0,22.7,1016.6,0.0,0.0,0.0,1,17.0,5.6,0.0,Santa Cruz,51.0,
2025-11-29 23:00:00,9.1,5.8,80.0,28.1,1017.0,0.0,0.0,0.0,1,17.0,5.5,0.0,Santa Cruz,31.0,
2025-11-30 00:00:00,9.1,5.8,80.0,24.1,1016.6,0.0,0.0,0.0,1,17.0,5.9,0.0,Santa Cruz,37.0,
2025-11-30 01:00:00,9.5,5.7,77.0,23.0,1015.8,0.0,0.0,0.0,3,17.0,6.5,0.0,Santa Cruz,39.0,
2025-11-30 02:00:00,9.7,5.3,74.0,27.7,1014.6,0.0,0.0,0.0,3,19.0,6.3,0.0,Santa Cruz,39.0,
2025-11-30 03:00:00,9.8,5.0,72.0,32.4,1013.4,0.0,0.0,0.0,1,19.0,6.2,0.0,Santa Cruz,35.0,
2025-11-30 04:00:00,10.2,4.3,67.0,32.0,1012.5,0.0,0.0,0.0,1,19.0,2.7,0.0,Santa Cruz,28.0,
2025-11-30 05:00:00,10.4,4.1,65.0,32.0,1011.8,0.0,0.0,0.0,1,22.0,2.9,0.0,Santa Cruz,24.0,
2025-11-30 06:00:00,10.4,5.8,73.0,29.9,1011.4,0.0,0.0,0.0,1,19.0,3.6,0.0,Santa Cruz,23.0,
2025-11-30 07:00:00,11.2,7.3,77.0,26.3,1011.0,0.0,0.0,0.0,1,17.0,5.5,0.6,Santa Cruz,28.0,
2025-11-30 08:00:00,12.8,8.3,74.0,21.2,1010.5,0.0,0.0,0.0,1,19.0,8.3,1.6,Santa Cruz,33.0,
2025-11-30 09:00:00,14.9,8.6,66.0,16.6,1009.8,0.0,0.0,0.0,1,19.0,11.4,3.3,Santa Cruz,14.0,
2025-11-30 10:00:00,16.9,7.8,55.0,15.5,1009.3,0.0,0.0,0.0,1,22.0,13.4,6.0,Santa Cruz,199.0,
2025-11-30 11:00:00,16.7,7.1,53.0,11.9,1009.1,0.0,0.0,0.0,1,22.0,13.7,9.1,Santa Cruz,168.0,
2025-11-30 12:00:00,17.6,6.1,47.0,19.8,1008.7,0.0,0.0,0.0,1,22.0,12.9,11.6,Santa Cruz,157.0,
2025-11-30 13:00:00,18.7,5.5,42.0,16.9,1008.1,0.0,0.0,0.0,2,22.0,14.4,11.2,Santa Cruz,139.0,
2025-11-30 14:00:00,18.8,5.6,42.0,22.3,1007.3,0.0,0.0,0.0,3,22.0,13.5,7.9,Santa Cruz,111.0,
2025-11-30 15:00:00,16.4,7.6,56.0,33.8,1006.9,0.0,0.0,0.0,3,22.0,9.3,6.0,Santa Cruz,145.0,
2025-11-30 16:00:00,16.4,7.3,55.0,29.5,1006.9,0.0,0.0,0.0,3,22.0,10.0,3.8,Santa Cruz,147.0,
2025-11-30 17:00:00,14.2,7.5,64.0,19.8,1007.6,0.0,0.0,0.0,3,22.0,9.8,2.0,Santa Cruz,116.0,
2025-11-30 18:00:00,13.6,8.0,69.0,28.1,1006.7,0.0,0.0,0.0,3,19.0,7.7,0.9,Santa Cruz,153.0,
2025-11-30 19:00:00,13.8,7.3,65.0,29.5,1006.0,0.0,0.0,0.0,3,22.0,7.4,0.3,Santa Cruz,170.0,
2025-11-30 20:00:00,13.0,8.5,74.0,26.3,1005.9,0.0,0.0,0.0,3,19.0,7.5,0.0,Santa Cruz,152.0,
2025-11-30 21:00:00,11.0,8.9,87.0,16.9,1006.6,0.0,0.0,0.0,3,2.0,7.5,0.0,Santa Cruz,119.0,
2025-11-30 22:00:00,13.2,7.6,69.0,10.8,1005.0,0.0,0.0,0.0,2,19.0,10.5,0.0,Santa Cruz,229.0,
2025-11-30 23:00:00,13.3,7.1,66.0,9.0,1004.3,0.0,0.0,0.0,3,19.0,10.9,0.0,Santa Cruz,10.0,
2025-12-01 00:00:00,16.5,8.7,60.0,29.2,1003.2,0.0,0.0,0.0,3,22.0,10.5,0.0,Santa Cruz,5.0,
2025-12-01 01:00:00,16.8,9.5,62.0,32.0,1002.1,0.0,0.0,0.0,3,22.0,10.5,0.0,Santa Cruz,350.0,
2025-12-01 02:00:00,15.7,9.8,68.0,31.0,1002.4,0.0,0.0,0.0,2,19.0,9.7,0.0,Santa Cruz,345.0,
2025-12-01 03:00:00,11.0,8.7,86.0,14.4,1003.7,0.0,0.0,0.0,1,2.0,7.9,0.0,Santa Cruz,40.0,
2025-12-01 04:00:00,16.4,6.2,51.0,25.2,1001.3,0.0,0.0,0.0,2,22.0,10.6,0.0,Santa Cruz,282.0,
2025-12-01 05:00:00,16.1,6.0,51.0,25.9,1001.5,0.0,0.0,0.0,2,22.0,10.1,0.0,Santa Cruz,266.0,
2025-12-01 06:00:00,16.2,6.3,52.0,26.3,1001.7,0.0,0.0,0.0,3,22.0,10.2,0.2,Santa Cruz,270.0,
2025-12-01 07:00:00,17.2,6.7,50.0,27.7,1001.8,0.0,0.0,0.0,3,22.0,11.0,0.5,Santa Cruz,272.0,
2025-12-01 08:00:00,18.0,6.8,48.0,28.4,1001.6,0.0,0.0,0.0,3,22.0,11.7,1.2,Santa Cruz,276.0,
2025-12-01 09:00:00,17.7,4.6,42.0,21.6,1001.4,0.0,0.0,0.0,3,22.0,12.3,2.7,Santa Cruz,251.0,
2025-12-01 10:00:00,19.7,5.7,40.0,30.2,1001.1,0.0,0.0,0.0,3,22.0,12.9,4.8,Santa Cruz,272.0,
2025-12-01 11:00:00,20.3,5.1,37.0,27.4,1000.3,0.0,0.0,0.0,3,22.0,13.9,7.3,Santa Cruz,287.0,
2025-12-01 12:00:00,21.2,3.4,31.0,31.7,999.7,0.0,0.0,0.0,3,22.0,13.6,9.4,Santa Cruz,295.0,
2025-12-01 13:00:00,22.2,3.8,30.0,38.5,999.0,0.0,0.0,0.0,2,17.0,13.4,12.9,Santa Cruz,289.0,
2025-12-01 14:00:00,24.3,4.1,27.0,36.4,997.7,0.0,0.0,0.0,3,17.0,15.9,9.1,Santa Cruz,287.0,
2025-12-01 15:00:00,23.6,0.6,22.0,27.4,997.5,0.0,0.0,0.0,3,22.0,16.4,6.9,Santa Cruz,290.0,
2025-12-01 16:00:00,23.7,4.6,29.0,33.5,996.5,0.0,0.0,0.0,3,22.0,16.0,4.4,Santa Cruz,292.0,
2025-12-01 17:00:00,23.7,4.1,28.0,33.8,995.8,0.0,0.0,0.0,2,22.0,15.8,3.0,Santa Cruz,293.0,
2025-12-01 18:00:00,22.9,4.9,31.0,37.4,995.8,0.0,0.0,0.0,2,17.0,14.5,1.4,Santa Cruz,289.0,
2025-12-01 19:00:00,22.9,4.9,31.0,37.1,995.8,0.0,0.0,0.0,2,17.0,14.5,0.5,Santa Cruz,287.0,
2025-12-01 20:00:00,21.7,4.7,33.0,36.4,995.6,0.0,0.0,0.0,2,17.0,13.4,0.2,Santa Cruz,286.0,
2025-12-01 21:00:00,19.8,4.7,37.0,40.0,995.4,0.0,0.0,0.0,2,17.0,10.8,0.0,Santa Cruz,282.0,
2025-12-01 22:00:00,19.2,4.5,38.0,33.1,996.2,0.0,0.0,0.0,3,22.0,11.5,0.0,Santa Cruz,283.0,
2025-12-01 23:00:00,18.3,4.8,41.0,32.8,996.4,0.0,0.0,0.0,3,22.0,10.8,0.0,Santa Cruz,280.0,
2025-12-02 00:00:00,17.9,4.8,42.0,33.8,996.3,0.0,0.0,0.0,3,22.0,10.2,0.0,Santa Cruz,282.0,
2025-12-02 01:00:00,17.4,4.7,43.0,33.5,996.3,0.0,0.0,0.0,3,22.0,9.7,0.0,Santa Cruz,281.0,
2025-12-02 02:00:00,17.1,4.4,43.0,36.0,996.2,0.0,0.0,0.0,3,17.0,8.9,0.0,Santa Cruz,274.0,
2025-12-02 03:00:00,16.5,4.8,46.0,34.9,996.3,0.0,0.0,0.0,3,22.0,8.6,0.0,Santa Cruz,271.0,
2025-12-02 04:00:00,16.3,5.0,47.0,38.5,996.1,0.0,0.0,0.0,3,17.0,7.7,0.0,Santa Cruz,277.0,
2025-12-02 05:00:00,16.3,5.0,47.0,39.2,996.4,0.0,0.0,0.0,3,17.0,7.5,0.0,Santa Cruz,280.0,
2025-12-02 06:00:00,16.6,5.5,48.0,37.1,997.0,0.0,0.0,0.0,3,17.0,8.4,0.2,Santa Cruz,282.0,
2025-12-02 07:00:00,17.1,5.4,46.0,33.1,997.4,0.0,0.0,0.0,3,22.0,9.6,0.5,Santa Cruz,275.0,
2025-12-02 08:00:00,17.9,5.1,43.0,30.6,997.9,0.0,0.0,0.0,3,22.0,10.9,1.2,Santa Cruz,262.0,
2025-12-02 09:00:00,13.1,3.5,52.0,23.8,1003.7,0.0,0.0,0.0,3,22.0,7.1,2.7,Santa Cruz,185.0,
2025-12-02 10:00:00,14.2,7.5,64.0,31.7,999.5,0.0,0.0,0.0,3,22.0,7.4,4.8,Santa Cruz,156.0,
2025-12-02 11:00:00,13.0,7.7,70.0,30.2,999.6,0.0,0.0,0.0,3,19.0,6.6,7.3,Santa Cruz,144.0,
2025-12-02 12:00:00,13.2,7.4,68.0,29.9,1000.0,0.0,0.0,0.0,3,19.0,6.8,9.4,Santa Cruz,137.0,
2025-12-02 13:00:00,13.1,6.4,64.0,25.9,1000.4,0.0,0.0,0.0,3,22.0,7.2,10.1,Santa Cruz,116.0,
2025-12-02 14:00:00,12.7,6.1,64.0,26.3,1000.4,0.0,0.0,0.0,3,22.0,6.7,9.1,Santa Cruz,99.0,
2025-12-02 15:00:00,12.9,-0.7,39.0,23.4,1004.3,0.0,0.0,0.0,1,22.0,6.3,9.8,Santa Cruz,112.0,
2025-12-02 16:00:00,12.7,5.8,63.0,28.1,999.8,0.0,0.0,0.0,3,22.0,6.3,4.4,Santa Cruz,87.0,
2025-12-02 17:00:00,12.8,6.4,65.0,29.9,999.1,0.0,0.0,0.0,2,22.0,6.2,3.0,Santa Cruz,71.0,
2025-12-02 18:00:00,12.7,7.4,70.0,27.7,998.8,0.0,0.0,0.0,2,19.0,6.7,1.4,Santa Cruz,55.0,
2025-12-02 19:00:00,11.2,8.2,82.0,29.2,998.7,0.0,0.0,0.0,3,17.0,5.1,0.4,Santa Cruz,50.0,
2025-12-02 20:00:00,11.1,9.4,89.0,30.6,998.4,0.0,0.0,0.0,3,0.8,5.0,0.1,Santa Cruz,55.0,
2025-12-02 21:00:00,10.9,5.8,71.0,27.0,1002.8,0.0,0.0,0.0,3,19.0,4.7,0.0,Santa Cruz,27.0,
2025-12-02 22:00:00,12.8,9.2,79.0,29.5,999.3,0.0,0.0,0.0,3,17.0,6.9,0.0,Santa Cruz,1.0,
2025-12-02 23:00:00,16.4,-0.3,32.0,39.6,999.5,0.0,0.0,0.0,3,17.0,6.7,0.0,Santa Cruz,272.0,
2025-12-03 00:00:00,15.6,-0.6,33.0,35.3,999.7,0.0,0.0,0.0,3,17.0,6.7,0.0,Santa Cruz,278.0,
2025-12-03 01:00:00,14.8,-0.1,36.0,35.6,999.7,0.0,0.0,0.0,3,17.0,5.9,0.0,Santa Cruz,283.0,
2025-12-03 02:00:00,13.7,0.7,41.0,38.2,999.8,0.0,0.0,0.0,3,17.0,4.4,0.0,Santa Cruz,285.0,
2025-12-03 03:00:00,11.8,2.5,53.0,10.1,1001.0,0.0,0.0,0.0,3,22.0,8.3,0.0,Santa Cruz,295.0,
2025-12-03 04:00:00,12.3,1.3,47.0,33.8,999.8,0.0,0.0,0.0,3,22.0,3.9,0.0,Santa Cruz,291.0,
2025-12-03 05:00:00,12.1,1.4,48.0,34.2,999.5,0.0,0.0,0.0,3,22.0,3.7,0.0,Santa Cruz,292.0,
2025-12-03 06:00:00,12.1,1.7,49.0,33.5,999.6,0.0,0.0,0.0,3,22.0,3.9,0.2,Santa Cruz,300.0,
2025-12-03 07:00:00,12.6,1.9,48.0,32.4,999.7,0.0,0.0,0.0,3,22.0,4.6,0.5,Santa Cruz,303.0,
2025-12-03 08:00:00,13.8,1.4,43.0,37.1,999.5,0.0,0.0,0.0,2,17.0,4.8,1.6,Santa Cruz,296.0,
2025-12-03 09:00:00,15.5,2.0,40.0,31.0,1002.4,0.0,0.0,0.0,2,22.0,7.8,3.4,Santa Cruz,270.0,
2025-12-03 10:00:00,16.0,0.1,34.0,36.7,999.4,0.0,0.0,0.0,3,17.0,6.9,4.8,Santa Cruz,279.0,
2025-12-03 11:00:00,17.5,-1.2,28.0,37.8,998.9,0.0,0.0,0.0,3,17.0,8.0,7.3,Santa Cruz,262.0,
2025-12-03 12:00:00,17.6,-1.1,28.0,37.1,998.6,0.0,0.0,0.0,3,17.0,8.2,9.4,Santa Cruz,256.0,
2025-12-03 13:00:00,17.7,-1.0,28.0,37.8,998.7,0.0,0.0,0.0,3,17.0,8.2,10.1,Santa Cruz,255.0,
2025-12-03 14:00:00,17.2,-1.0,29.0,37.1,998.6,0.0,0.0,0.0,3,17.0,7.9,9.1,Santa Cruz,246.0,
2025-12-03 15:00:00,20.1,-1.7,23.0,29.9,999.6,0.0,0.0,0.0,3,22.0,12.1,6.9,Santa Cruz,284.0,
2025-12-03 16:00:00,17.1,-0.2,31.0,33.1,998.7,0.0,0.0,0.0,3,22.0,8.7,4.4,Santa Cruz,227.0,
2025-12-03 17:00:00,12.1,5.9,66.0,29.5,999.6,1.2,0.0,0.0,9,4.8,5.4,1.7,Santa Cruz,114.0,
2025-12-03 18:00:00,11.7,4.7,62.0,25.9,999.7,0.3,0.0,0.0,8,5.7,5.5,0.8,Santa Cruz,94.0,
2025-12-03 19:00:00,11.7,4.7,62.0,24.8,1000.2,0.0,0.0,0.0,3,22.0,5.7,0.4,Santa Cruz,90.0,
2025-12-03 20:00:00,12.0,8.3,78.0,25.2,999.7,0.0,0.0,0.0,3,17.0,6.7,0.1,Santa Cruz,113.0,
2025-12-03 21:00:00,11.3,8.0,80.0,24.5,999.9,0.0,0.0,0.0,3,17.0,6.1,0.0,Santa Cruz,65.0,
2025-12-03 22:00:00,10.9,8.6,86.0,19.1,1000.6,0.0,0.0,0.0,1,2.0,6.9,0.0,Santa Cruz,75.0,
2025-12-03 23:00:00,10.6,8.9,89.0,18.4,1001.1,0.0,0.0,0.0,1,0.8,6.8,0.0,Santa Cruz,48.0,
2025-12-04 00:00:00,10.5,9.3,92.0,17.6,1001.4,0.0,0.0,0.0,1,0.8,6.9,0.0,Santa Cruz,336.0,
2025-12-04 01:00:00,11.8,-0.4,43.0,28.1,1001.3,0.0,0.0,0.0,1,22.0,4.3,0.0,Santa Cruz,259.0,
2025-12-04 02:00:00,11.6,-2.2,38.0,32.8,1001.1,0.0,0.0,0.0,1,22.0,2.9,0.0,Santa Cruz,258.0,
2025-12-04 03:00:00,10.8,-0.7,45.0,25.2,1001.4,0.0,0.0,0.0,2,22.0,3.8,0.0,Santa Cruz,266.0,
2025-12-04 04:00:00,10.6,-0.8,45.0,21.6,1001.6,0.0,0.0,0.0,3,22.0,4.3,0.0,Santa Cruz,270.0,
2025-12-04 05:00:00,10.4,-1.0,45.0,25.6,1001.6,0.0,0.0,0.0,3,22.0,3.3,0.0,Santa Cruz,278.0,
2025-12-04 06:00:00,10.2,-0.6,47.0,27.4,1001.7,0.0,0.0,0.0,3,22.0,2.8,0.2,Santa Cruz,281.0,
2025-12-04 07:00:00,10.9,-0.9,44.0,28.8,1001.7,0.0,0.0,0.0,3,22.0,3.2,0.5,Santa Cruz,276.0,
2025-12-04 08:00:00,12.0,-1.2,40.0,36.0,1001.3,0.0,0.0,0.0,3,17.0,2.8,1.2,Santa Cruz,282.0,
2025-12-04 09:00:00,13.6,-1.6,35.0,38.9,1001.1,0.0,0.0,0.0,2,17.0,3.8,3.4,Santa Cruz,282.0,
2025-12-04 10:00:00,14.9,-1.7,32.0,38.2,1000.7,0.0,0.0,0.0,3,17.0,5.3,4.8,Santa Cruz,284.0,
2025-12-04 11:00:00,16.3,-2.2,28.0,37.4,1000.1,0.0,0.0,0.0,3,17.0,6.7,7.3,Santa Cruz,282.0,
2025-12-04 12:00:00,17.4,-2.3,26.0,35.6,999.6,0.1,0.0,0.0,17,5.9,8.2,8.0,Santa Cruz,279.0,
2025-12-04 13:00:00,17.9,-3.0,24.0,34.9,999.0,0.0,0.0,0.0,3,22.0,8.7,10.1,Santa Cruz,283.0,
2025-12-04 14:00:00,18.1,-1.7,26.0,40.0,998.4,0.0,0.0,0.0,3,17.0,8.1,9.1,Santa Cruz,290.0,
2025-12-04 15:00:00,18.2,-2.2,25.0,37.4,997.8,0.0,0.0,0.0,3,17.0,8.6,6.9,Santa Cruz,290.0,
2025-12-04 16:00:00,19.1,-1.9,24.0,42.5,996.9,0.0,0.0,0.0,3,17.0,8.6,4.4,Santa Cruz,284.0,
2025-12-04 17:00:00,18.9,-1.0,26.0,43.9,996.8,0.0,0.0,0.0,3,17.0,8.2,2.4,Santa Cruz,276.0,
2025-12-04 18:00:00,17.4,-0.4,30.0,47.9,997.4,0.0,0.0,0.0,3,17.0,6.0,1.1,Santa Cruz,274.0,
2025-12-04 19:00:00,17.7,-1.5,27.0,46.8,997.5,0.0,0.0,0.0,3,17.0,6.4,0.4,Santa Cruz,260.0,
2025-12-04 20:00:00,16.8,-0.9,30.0,41.8,998.4,0.0,0.0,0.0,3,17.0,6.6,0.1,Santa Cruz,258.0,
2025-12-04 21:00:00,15.0,2.5,43.0,34.6,999.2,0.0,0.0,0.0,3,22.0,6.7,0.0,Santa Cruz,280.0,
2025-12-04 22:00:00,14.8,1.7,41.0,29.5,1000.2,0.0,0.0,0.0,2,22.0,7.3,0.0,Santa Cruz,264.0,
2025-12-04 23:00:00,14.2,1.1,41.0,24.8,1001.0,0.0,0.0,0.0,2,22.0,7.6,0.0,Santa Cruz,237.0,
2025-12-05 00:00:00,13.4,1.7,45.0,22.7,1001.6,0.0,0.0,0.0,1,22.0,7.3,0.0,Santa Cruz,245.0,
2025-12-05 01:00:00,13.2,0.9,43.0,21.2,1002.0,0.0,0.0,0.0,2,22.0,7.2,0.0,Santa Cruz,252.0,
2025-12-05 02:00:00,12.3,1.0,46.0,22.7,1002.3,0.0,0.0,0.0,2,22.0,6.1,0.0,Santa Cruz,255.0,
2025-12-05 03:00:00,11.3,1.8,52.0,17.6,1002.8,0.0,0.0,0.0,1,22.0,6.2,0.0,Santa Cruz,254.0,
2025-12-05 04:00:00,10.3,2.2,57.0,14.8,1003.3,0.0,0.0,0.0,1,22.0,5.8,0.0,Santa Cruz,261.0,
2025-12-05 05:00:00,9.8,2.6,61.0,15.5,1003.7,0.0,0.0,0.0,1,22.0,7.6,0.0,Santa Cruz,273.0,
2025-12-05 06:00:00,9.7,3.0,63.0,16.2,1004.4,0.0,0.0,0.0,2,22.0,7.4,0.2,Santa Cruz,251.0,
2025-12-05 07:00:00,10.3,3.1,61.0,11.9,1005.0,0.0,0.0,0.0,1,22.0,6.5,0.7,Santa Cruz,152.0,
2025-12-05 08:00:00,11.2,3.0,57.0,18.7,1005.4,0.0,0.0,0.0,1,22.0,6.1,1.8,Santa Cruz,113.0,
2025-12-05 09:00:00,12.7,2.0,48.0,24.5,1005.5,0.0,0.0,0.0,1,22.0,6.3,3.8,Santa Cruz,195.0,
2025-12-05 10:00:00,14.0,1.0,41.0,25.2,1005.6,0.0,0.0,0.0,1,22.0,7.3,6.9,Santa Cruz,228.0,
2025-12-05 11:00:00,14.8,0.6,38.0,25.6,1005.5,0.0,0.0,0.0,2,22.0,7.9,9.4,Santa Cruz,220.0,
2025-12-05 12:00:00,14.9,0.7,38.0,20.5,1005.3,0.0,0.0,0.0,3,22.0,9.0,9.4,Santa Cruz,191.0,
2025-12-05 13:00:00,15.3,0.3,36.0,25.6,1005.1,0.2,0.0,0.0,17,5.8,8.4,8.6,Santa Cruz,51.0,
2025-12-05 14:00:00,15.2,0.6,37.0,27.0,1004.7,0.0,0.0,0.0,3,22.0,8.1,9.1,Santa Cruz,38.0,
2025-12-05 15:00:00,14.7,1.2,40.0,28.1,1004.3,0.0,0.0,0.0,3,22.0,7.4,6.9,Santa Cruz,46.0,
2025-12-05 16:00:00,13.7,4.8,55.0,29.5,1003.9,0.0,0.0,0.0,3,22.0,6.8,4.4,Santa Cruz,66.0,
2025-12-05 17:00:00,12.5,6.3,66.0,31.7,1003.7,0.0,0.0,0.0,3,19.0,5.5,2.4,Santa Cruz,66.0,
2025-12-05 18:00:00,13.0,5.9,62.0,32.0,1003.4,0.0,0.0,0.0,3,22.0,5.8,1.1,Santa Cruz,54.0,
2025-12-05 19:00:00,12.6,7.3,70.0,27.4,1003.7,0.0,0.0,0.0,3,19.0,6.6,0.4,Santa Cruz,86.0,
2025-12-05 20:00:00,11.8,6.3,69.0,25.2,1004.4,0.0,0.0,0.0,3,19.0,6.0,0.1,Santa Cruz,88.0,
2025-12-05 21:00:00,11.9,7.8,76.0,20.9,1004.6,0.0,0.0,0.0,3,17.0,7.3,0.0,Santa Cruz,110.0,
2025-12-05 22:00:00,11.6,7.1,74.0,18.4,1005.7,0.0,0.0,0.0,3,19.0,7.4,0.0,Santa Cruz,132.0,
2025-12-05 23:00:00,11.4,7.9,79.0,15.8,1005.9,0.0,0.0,0.0,3,17.0,7.8,0.0,Santa Cruz,128.0,
2025-12-06 00:00:00,10.9,7.9,82.0,12.2,1006.1,0.0,0.0,0.0,3,17.0,8.1,0.0,Santa Cruz,158.0,
