fecha_hora,temp,dwpt,rhum,prcp,snow,wdir,wspd,wpgt,pres,tsun,coco,province,visibilidad,sensacionTermica,uvIndex
2025-11-05 00:00:00,23.0,20.0,83.0,0.0,0.0,200.0,13.0,,1011.0,0.0,2,Chaco,20.0,24.1,0.9
2025-11-05 01:00:00,23.0,21.1,89.0,0.0,0.0,210.0,13.0,,1012.0,0.0,3,Chaco,1.8,24.7,0.5
2025-11-05 02:00:00,22.0,19.9,88.0,0.0,0.0,200.0,19.0,,1011.0,0.0,3,Chaco,1.6,22.0,0.5
2025-11-05 03:00:00,22.0,19.0,83.0,0.0,0.0,200.0,22.0,29.0,1011.0,0.0,3,Chaco,20.0,20.9,0.5
2025-11-05 04:00:00,22.0,19.0,83.0,0.0,0.0,200.0,28.0,29.0,1012.0,0.0,3,Chaco,20.0,19.8,0.5
2025-11-05 05:00:00,21.0,18.0,83.0,0.0,0.0,170.0,17.0,,1013.0,0.0,3,Chaco,20.0,20.5,0.5
2025-11-05 06:00:00,20.0,17.9,88.0,0.0,0.0,210.0,17.0,,1014.0,0.0,3,Chaco,1.6,19.5,0.5
2025-11-05 07:00:00,20.0,17.9,88.0,0.0,0.0,160.0,9.0,,1015.0,0.0,2,Chaco,1.6,21.0,0.8
2025-11-05 08:00:00,20.0,17.9,88.0,0.0,0.0,200.0,9.0,,1015.0,0.0,3,Chaco,1.6,21.0,1.9
2025-11-05 09:00:00,21.0,18.0,83.0,0.0,0.0,200.0,7.0,,1016.0,0.0,3,Chaco,20.0,22.4,1.9
2025-11-05 10:00:00,22.0,18.0,78.0,0.0,0.0,180.0,15.0,,1017.0,0.0,1,Chaco,20.0,21.9,6.4
2025-11-05 11:00:00,22.0,18.0,78.0,0.0,0.0,160.0,13.0,,1018.0,0.0,2,Chaco,20.0,22.3,6.4
2025-11-05 12:00:00,23.0,17.0,69.0,0.0,0.0,190.0,33.0,,1018.0,0.0,3,Chaco,20.0,19.0,4.2
2025-11-05 13:00:00,24.0,17.0,65.0,0.0,0.0,180.0,19.0,,1018.0,0.0,3,Chaco,20.0,22.7,4.5
2025-11-05 14:00:00,25.0,16.9,61.0,0.0,0.0,180.0,20.0,,1017.0,0.0,3,Chaco,20.0,23.5,4.8
2025-11-05 15:00:00,25.0,15.9,57.0,0.0,0.0,170.0,20.0,,1017.0,0.0,3,Chaco,20.0,23.1,4.8
2025-11-05 16:00:00,25.0,15.9,57.0,0.0,0.0,160.0,22.0,,1016.0,0.0,2,Chaco,20.0,22.7,4.0
2025-11-05 17:00:00,25.0,15.9,57.0,0.0,0.0,160.0,20.0,,1015.0,0.0,1,Chaco,20.0,23.1,4.0
2025-11-05 18:00:00,24.0,14.9,57.0,0.0,0.0,160.0,20.0,,1015.0,0.0,1,Chaco,20.0,21.7,0.9
2025-11-05 19:00:00,23.0,16.1,65.0,0.0,0.0,160.0,9.0,,1015.0,0.0,1,Chaco,20.0,23.3,0.9
2025-11-05 20:00:00,21.0,16.0,73.0,0.0,0.0,170.0,13.0,,1016.0,0.0,1,Chaco,20.0,20.4,0.8
2025-11-05 21:00:00,20.0,16.0,78.0,0.0,0.0,180.0,9.0,,1016.0,0.0,1,Chaco,20.0,20.3,0.8
2025-11-05 22:00:00,20.0,17.0,83.0,0.0,0.0,200.0,9.0,,1017.0,0.0,1,Chaco,20.0,20.6,0.8
2025-11-05 23:00:00,19.0,16.0,83.0,0.0,0.0,200.0,11.0,,1017.0,0.0,1,Chaco,20.0,18.9,0.8
2025-11-06 00:00:00,18.0,16.0,88.0,0.0,0.0,190.0,9.0,,1017.0,0.0,1,Chaco,1.6,18.2,0.8
2025-11-06 01:00:00,18.0,16.0,88.0,0.0,0.0,200.0,9.0,,1017.0,0.0,1,Chaco,1.6,18.2,0.8
2025-11-06 02:00:00,17.0,15.0,88.0,0.0,0.0,180.0,9.0,,1017.0,0.0,1,Chaco,1.6,16.9,0.8
2025-11-06 03:00:00,18.1,14.2,78.0,0.0,0.0,190.0,11.0,,1016.0,0.0,1,Chaco,20.0,17.3,0.8
2025-11-06 04:00:00,17.0,14.1,83.0,0.0,0.0,190.0,9.0,,1015.0,0.0,1,Chaco,20.0,16.5,0.8
2025-11-06 05:00:00,17.0,15.0,88.0,0.0,0.0,150.0,11.0,,1015.0,0.0,1,Chaco,1.6,16.5,0.8
2025-11-06 06:00:00,17.0,15.0,88.0,0.0,0.0,150.0,17.0,,1014.0,0.0,1,Chaco,1.6,15.3,0.8
2025-11-06 07:00:00,18.0,14.1,78.0,0.0,0.0,130.0,19.0,,1015.0,0.0,1,Chaco,20.0,15.6,0.8
2025-11-06 08:00:00,20.0,15.0,73.0,0.0,0.0,140.0,20.0,,1015.0,0.0,1,Chaco,20.0,17.7,3.2
2025-11-06 09:00:00,22.0,14.1,61.0,0.0,0.0,110.0,17.0,,1015.0,0.0,1,Chaco,20.0,20.0,3.2
2025-11-06 10:00:00,24.0,14.9,57.0,0.0,0.0,110.0,17.0,,1015.0,0.0,1,Chaco,20.0,22.3,7.5
2025-11-06 11:00:00,24.0,14.9,57.0,0.0,0.0,110.0,22.0,,1014.0,0.0,3,Chaco,20.0,21.3,4.5
2025-11-06 12:00:00,25.0,15.0,54.0,0.0,0.0,110.0,19.0,,1014.0,0.0,3,Chaco,20.0,22.9,4.8
2025-11-06 13:00:00,26.0,15.1,51.0,0.0,0.0,110.0,17.0,,1013.0,0.0,2,Chaco,20.0,24.3,8.5
2025-11-06 14:00:00,26.0,15.1,51.0,0.0,0.0,110.0,17.0,,1011.0,0.0,2,Chaco,20.0,24.3,8.5
2025-11-06 15:00:00,26.0,17.1,58.0,0.0,0.0,140.0,22.0,,1010.0,0.0,3,Chaco,20.0,24.1,5.1
2025-11-06 16:00:00,26.0,16.0,54.0,0.0,0.0,140.0,20.0,,1008.0,0.0,3,Chaco,20.0,24.1,2.6
2025-11-06 17:00:00,26.0,16.0,54.0,0.0,0.0,140.0,20.0,,1007.0,0.0,2,Chaco,20.0,24.1,4.3
2025-11-06 18:00:00,25.0,15.0,54.0,0.0,0.0,110.0,22.0,,1006.0,0.0,1,Chaco,20.0,22.4,1.0
2025-11-06 19:00:00,25.0,15.0,54.0,0.0,0.0,140.0,17.0,,1006.0,0.0,1,Chaco,20.0,23.3,1.0
2025-11-06 20:00:00,23.0,16.1,65.0,0.0,0.0,130.0,19.0,,1006.0,0.0,2,Chaco,20.0,21.3,0.9
2025-11-06 21:00:00,22.0,16.0,69.0,0.0,0.0,140.0,9.0,,1006.0,0.0,2,Chaco,20.0,22.3,0.8
2025-11-06 22:00:00,22.0,16.0,69.0,0.0,0.0,140.0,13.0,,1006.0,0.0,1,Chaco,20.0,21.5,0.8
2025-11-06 23:00:00,22.0,15.1,65.0,0.0,0.0,140.0,17.0,,1006.0,0.0,2,Chaco,20.0,20.4,0.8
2025-11-07 00:00:00,22.0,14.1,61.0,0.0,0.0,140.0,19.0,,1005.0,0.0,3,Chaco,20.0,19.6,0.5
2025-11-07 01:00:00,23.0,12.9,53.0,0.0,0.0,130.0,17.0,,1004.0,0.0,3,Chaco,20.0,20.6,0.5
2025-11-07 02:00:00,23.0,12.9,53.0,0.0,0.0,120.0,17.0,,1003.0,0.0,3,Chaco,20.0,20.6,0.5
2025-11-07 03:00:00,23.0,12.9,53.0,0.0,0.0,120.0,19.0,,1002.0,0.0,3,Chaco,20.0,20.2,0.5
2025-11-07 04:00:00,23.0,12.9,53.0,0.0,0.0,100.0,15.0,,1000.0,0.0,2,Chaco,20.0,21.0,0.9
2025-11-07 05:00:00,22.0,15.1,65.0,0.0,0.0,80.0,15.0,,999.0,0.0,3,Chaco,20.0,20.7,0.5
2025-11-07 06:00:00,23.0,16.1,65.0,0.0,0.0,80.0,13.0,,999.0,0.0,2,Chaco,20.0,22.5,0.9
2025-11-07 07:00:00,23.0,17.0,69.0,0.0,0.0,120.0,7.0,,1000.0,0.0,3,Chaco,20.0,24.0,0.5
2025-11-07 08:00:00,22.0,19.0,83.0,0.0,0.0,240.0,15.0,,1001.0,0.0,25,Chaco,3.0,22.3,0.3
2025-11-07 09:00:00,21.0,16.0,73.0,5.1,0.0,200.0,24.0,,1001.0,0.0,18,Chaco,2.0,18.3,1.6
2025-11-07 10:00:00,20.0,17.0,83.0,9.9,0.0,200.0,24.0,,1002.0,0.0,9,Chaco,2.0,17.7,1.9
2025-11-07 11:00:00,21.0,17.0,78.0,13.8,0.0,180.0,20.0,,1002.0,0.0,25,Chaco,0.8,19.5,0.6
2025-11-07 12:00:00,18.0,16.0,88.0,2.8,0.0,200.0,20.0,,1003.0,0.0,9,Chaco,1.6,16.1,1.9
2025-11-07 13:00:00,19.0,17.0,88.0,0.0,0.0,200.0,13.0,,1003.0,0.0,3,Chaco,1.6,18.8,3.8
2025-11-07 14:00:00,19.0,17.0,88.0,0.0,0.0,240.0,22.0,,1003.0,0.0,3,Chaco,1.6,17.1,3.8
2025-11-07 15:00:00,18.0,16.0,88.0,0.0,0.0,230.0,28.0,,1004.0,0.0,3,Chaco,1.6,14.5,3.8
2025-11-07 16:00:00,18.0,16.0,88.0,0.0,0.0,240.0,26.0,,1005.0,0.0,3,Chaco,1.6,14.9,1.9
2025-11-07 17:00:00,17.0,15.0,88.0,0.0,0.0,240.0,30.0,,1005.0,0.0,2,Chaco,2.1,12.8,3.2
2025-11-07 18:00:00,17.0,15.0,88.0,0.0,0.0,230.0,28.0,,1007.0,0.0,2,Chaco,1.6,13.2,0.8
2025-11-07 19:00:00,17.0,15.0,88.0,0.0,0.0,200.0,22.0,,1007.0,0.0,3,Chaco,1.6,14.3,0.5
2025-11-07 20:00:00,17.0,15.0,88.0,0.0,0.0,200.0,19.0,,1008.0,0.0,1,Chaco,1.6,14.9,0.8
2025-11-07 21:00:00,17.0,14.1,83.0,0.0,0.0,200.0,26.0,,1010.0,0.0,3,Chaco,20.0,13.2,0.5
2025-11-07 22:00:00,17.0,15.0,88.0,0.0,0.0,200.0,20.0,,1011.0,0.0,2,Chaco,1.6,14.7,0.8
2025-11-07 23:00:00,16.0,15.0,94.0,0.0,0.0,230.0,11.0,,1012.0,0.0,1,Chaco,2.8,15.5,0.8
2025-11-08 00:00:00,16.0,15.0,94.0,0.0,0.0,230.0,13.0,,1013.0,0.0,1,Chaco,2.8,15.1,0.8
2025-11-08 01:00:00,16.0,14.0,88.0,0.0,0.0,230.0,15.0,,1013.0,0.0,1,Chaco,1.6,14.4,0.8
2025-11-08 02:00:00,16.0,14.0,88.0,0.0,0.0,250.0,22.0,,1013.0,0.0,1,Chaco,1.6,13.0,0.8
2025-11-08 03:00:00,15.0,13.0,88.0,0.0,0.0,250.0,22.0,,1013.0,0.0,1,Chaco,1.6,11.7,0.8
2025-11-08 04:00:00,15.0,13.0,88.0,0.0,0.0,230.0,20.0,,1013.0,0.0,1,Chaco,1.6,12.1,0.8
2025-11-08 05:00:00,15.0,12.0,82.0,0.0,0.0,230.0,20.0,,1013.0,0.0,2,Chaco,20.0,11.7,0.8
2025-11-08 06:00:00,14.0,12.0,88.0,0.0,0.0,230.0,20.0,,1014.0,0.0,3,Chaco,1.6,10.7,0.5
2025-11-08 07:00:00,14.0,12.0,88.0,0.0,0.0,230.0,19.0,,1014.0,0.0,3,Chaco,1.6,10.9,0.5
2025-11-08 08:00:00,15.0,8.9,67.0,0.0,0.0,200.0,24.0,,1015.0,0.0,3,Chaco,20.0,10.1,1.9
2025-11-08 09:00:00,15.0,12.0,82.0,0.0,0.0,210.0,20.0,,1016.0,0.0,3,Chaco,20.0,11.7,1.9
2025-11-08 10:00:00,15.0,12.0,82.0,0.0,0.0,200.0,24.0,,1016.0,0.0,3,Chaco,20.0,10.9,3.8
2025-11-08 11:00:00,16.0,12.0,77.0,0.0,0.0,210.0,19.0,,1017.0,0.0,3,Chaco,20.0,12.9,3.8
2025-11-08 12:00:00,18.0,12.0,68.0,0.0,0.0,220.0,17.0,,1017.0,0.0,3,Chaco,20.0,15.3,3.8
2025-11-08 13:00:00,19.0,13.0,68.0,0.0,0.0,200.0,19.0,,1016.0,0.0,3,Chaco,20.0,16.2,3.8
2025-11-08 14:00:00,21.0,13.9,64.0,0.0,0.0,220.0,24.0,,1016.0,0.0,3,Chaco,20.0,17.6,3.8
2025-11-08 15:00:00,20.0,13.0,64.0,0.0,0.0,210.0,20.0,,1015.0,0.0,3,Chaco,20.0,17.0,3.8
2025-11-08 16:00:00,22.0,12.0,53.0,0.0,0.0,200.0,24.0,,1015.0,0.0,3,Chaco,20.0,17.9,1.9
2025-11-08 17:00:00,21.0,12.9,60.0,0.0,0.0,190.0,17.0,,1014.0,0.0,3,Chaco,20.0,18.6,1.9
2025-11-08 18:00:00,21.0,11.9,56.0,0.0,0.0,170.0,13.0,,1014.0,0.0,3,Chaco,20.0,19.1,0.5
2025-11-08 19:00:00,20.0,13.0,64.0,0.0,0.0,170.0,11.0,,1015.0,0.0,3,Chaco,20.0,18.8,0.5
2025-11-08 20:00:00,19.0,14.0,73.0,0.0,0.0,160.0,7.0,,1015.0,0.0,3,Chaco,20.0,18.9,0.5
2025-11-08 21:00:00,17.0,15.0,88.0,0.0,0.0,160.0,7.0,,1015.0,0.0,3,Chaco,1.6,17.3,0.5
2025-11-08 22:00:00,16.0,14.0,88.0,0.0,0.0,230.0,7.0,,1017.0,0.0,2,Chaco,1.6,15.9,0.8
2025-11-08 23:00:00,16.0,14.0,88.0,0.0,0.0,210.0,6.0,,1017.0,0.0,1,Chaco,1.6,16.1,0.8
2025-11-09 00:00:00,15.0,13.0,88.0,0.0,0.0,200.0,6.0,,1017.0,0.0,1,Chaco,1.6,14.8,0.8
2025-11-09 01:00:00,15.0,13.0,88.0,0.0,0.0,200.0,7.0,,1017.0,0.0,1,Chaco,1.6,14.6,0.8
2025-11-09 02:00:00,14.0,13.0,94.0,0.0,0.0,190.0,6.0,,1017.0,0.0,1,Chaco,2.8,13.8,0.8
2025-11-09 03:00:00,14.0,11.0,82.0,0.0,0.0,180.0,7.0,,1017.0,0.0,1,Chaco,20.0,13.0,0.8
2025-11-09 04:00:00,14.0,11.0,82.0,0.0,0.0,180.0,9.0,,1016.0,0.0,1,Chaco,20.0,12.6,0.8
2025-11-09 05:00:00,14.0,11.0,82.0,0.0,0.0,180.0,9.0,,1017.0,0.0,1,Chaco,20.0,12.6,0.8
2025-11-09 06:00:00,14.0,11.0,82.0,0.0,0.0,180.0,7.0,,1017.0,0.0,3,Chaco,20.0,13.0,0.5
2025-11-09 07:00:00,15.0,13.0,88.0,0.0,0.0,160.0,11.0,,1018.0,0.0,3,Chaco,1.6,13.8,0.5
2025-11-09 08:00:00,18.0,15.1,83.0,0.0,0.0,140.0,15.0,,1018.0,0.0,3,Chaco,20.0,16.7,1.9
2025-11-09 09:00:00,20.0,15.0,73.0,0.0,0.0,140.0,15.0,,1019.0,0.0,3,Chaco,20.0,18.7,1.9
2025-11-09 10:00:00,22.0,15.1,65.0,0.0,0.0,140.0,15.0,,1019.0,0.0,2,Chaco,20.0,20.7,6.4
2025-11-09 11:00:00,23.0,14.0,57.0,0.0,0.0,120.0,15.0,,1019.0,0.0,1,Chaco,20.0,21.4,6.9
2025-11-09 12:00:00,24.0,14.1,54.0,0.0,0.0,150.0,13.0,,1019.0,0.0,2,Chaco,20.0,22.8,7.5
2025-11-09 13:00:00,25.0,11.9,44.0,0.0,0.0,120.0,13.0,,1018.0,0.0,3,Chaco,20.0,23.1,4.8
2025-11-09 14:00:00,25.0,12.9,47.0,0.0,0.0,160.0,11.0,,1018.0,0.0,3,Chaco,20.0,23.8,4.8
2025-11-09 15:00:00,26.0,11.0,39.0,0.0,0.0,140.0,13.0,,1017.0,0.0,3,Chaco,20.0,23.8,5.1
2025-11-09 16:00:00,26.0,11.0,39.0,0.0,0.0,160.0,15.0,,1016.0,0.0,3,Chaco,20.0,23.4,2.6
2025-11-09 17:00:00,25.0,11.9,44.0,0.0,0.0,160.0,17.0,,1016.0,0.0,3,Chaco,20.0,22.3,2.4
2025-11-09 18:00:00,25.0,11.9,44.0,0.0,0.0,160.0,9.0,,1016.0,0.0,3,Chaco,20.0,23.8,0.6
2025-11-09 19:00:00,23.0,12.0,50.0,0.0,0.0,150.0,15.0,,1016.0,0.0,2,Chaco,20.0,20.7,0.9
2025-11-09 20:00:00,21.0,12.9,60.0,0.0,0.0,160.0,11.0,,1017.0,0.0,2,Chaco,20.0,19.8,0.8
2025-11-09 21:00:00,19.0,14.0,73.0,0.0,0.0,160.0,11.0,,1017.0,0.0,3,Chaco,20.0,18.1,0.5
2025-11-09 22:00:00,18.0,15.1,83.0,0.0,0.0,180.0,9.0,,1018.0,0.0,2,Chaco,20.0,17.9,0.8
2025-11-09 23:00:00,18.0,13.9,77.0,0.0,0.0,180.0,4.0,,1018.0,0.0,3,Chaco,20.0,18.5,0.5
2025-11-10 00:00:00,17.0,15.0,88.0,0.0,0.0,200.0,9.0,,1018.0,0.0,3,Chaco,1.6,16.9,0.5
2025-11-10 01:00:00,16.0,14.0,88.0,0.0,0.0,200.0,9.0,,1018.0,0.0,3,Chaco,1.6,15.5,0.5
2025-11-10 02:00:00,16.0,14.0,88.0,0.0,0.0,190.0,7.0,,1018.0,0.0,3,Chaco,1.6,15.9,0.5
2025-11-10 03:00:00,16.0,14.0,88.0,0.0,0.0,180.0,9.0,,1018.0,0.0,2,Chaco,1.6,15.5,0.8
2025-11-10 04:00:00,15.0,14.0,94.0,0.0,0.0,180.0,9.0,,1018.0,0.0,1,Chaco,2.8,14.5,0.8
2025-11-10 05:00:00,15.0,14.0,94.0,0.0,0.0,170.0,11.0,,1018.0,0.0,1,Chaco,2.8,14.1,0.8
2025-11-10 06:00:00,16.0,14.0,88.0,0.0,0.0,140.0,15.0,,1018.0,0.0,1,Chaco,1.6,14.4,0.8
2025-11-10 07:00:00,17.0,14.1,83.0,0.0,0.0,150.0,15.0,,1019.0,0.0,1,Chaco,20.0,15.4,0.8
2025-11-10 08:00:00,20.0,13.9,68.0,0.0,0.0,140.0,19.0,,1019.0,0.0,1,Chaco,20.0,17.5,3.2
2025-11-10 09:00:00,22.0,13.1,57.0,0.0,0.0,120.0,17.0,,1019.0,0.0,2,Chaco,20.0,19.7,3.2
2025-11-10 10:00:00,24.0,12.9,50.0,0.0,0.0,120.0,20.0,,1019.0,0.0,3,Chaco,20.0,21.0,4.5
2025-11-10 11:00:00,25.0,11.9,44.0,0.0,0.0,130.0,22.0,,1019.0,0.0,3,Chaco,20.0,21.3,4.8
2025-11-10 12:00:00,26.0,12.1,42.0,0.0,0.0,120.0,20.0,,1018.0,0.0,3,Chaco,20.0,22.8,5.1
2025-11-10 13:00:00,27.0,13.0,42.0,0.0,0.0,120.0,19.0,,1017.0,0.0,3,Chaco,20.0,27.0,5.4
2025-11-10 14:00:00,27.0,13.0,42.0,0.0,0.0,100.0,17.0,,1016.0,0.0,3,Chaco,20.0,27.0,5.4
2025-11-10 15:00:00,28.0,13.1,40.0,0.0,0.0,120.0,19.0,,1015.0,0.0,3,Chaco,20.0,27.7,5.8
2025-11-10 16:00:00,28.0,11.9,37.0,0.0,0.0,120.0,19.0,,1015.0,0.0,3,Chaco,20.0,24.9,2.9
2025-11-10 17:00:00,27.0,13.0,42.0,0.0,0.0,120.0,17.0,,1014.0,0.0,3,Chaco,20.0,27.0,2.7
2025-11-10 18:00:00,26.0,14.1,48.0,0.0,0.0,130.0,15.0,,1014.0,0.0,3,Chaco,20.0,24.4,0.6
2025-11-10 19:00:00,24.0,14.9,57.0,0.0,0.0,150.0,9.0,,1014.0,0.0,3,Chaco,20.0,23.8,0.6
2025-11-10 20:00:00,22.0,15.1,65.0,0.0,0.0,150.0,9.0,,1014.0,0.0,3,Chaco,20.0,21.9,0.5
2025-11-10 21:00:00,21.0,16.0,73.0,0.0,0.0,160.0,11.0,,1014.0,0.0,3,Chaco,20.0,20.8,0.5
2025-11-10 22:00:00,22.0,16.0,69.0,0.0,0.0,150.0,13.0,,1013.0,0.0,3,Chaco,20.0,21.5,0.5
2025-11-10 23:00:00,21.0,16.0,73.0,0.0,0.0,150.0,9.0,,1013.0,0.0,3,Chaco,20.0,21.2,0.5
2025-11-11 00:00:00,21.0,17.0,78.0,0.0,0.0,140.0,11.0,,1013.0,0.0,3,Chaco,20.0,21.2,0.5
2025-11-11 01:00:00,20.0,17.0,83.0,0.0,0.0,150.0,9.0,,1013.0,0.0,3,Chaco,20.0,20.6,0.5
2025-11-11 02:00:00,20.0,17.0,83.0,0.0,0.0,150.0,7.0,,1013.0,0.0,3,Chaco,20.0,21.0,0.5
2025-11-11 03:00:00,21.0,17.0,78.0,0.0,0.0,140.0,11.0,,1012.0,0.0,3,Chaco,20.0,21.2,0.5
2025-11-11 04:00:00,21.0,17.0,78.0,0.0,0.0,150.0,9.0,,1012.0,0.0,3,Chaco,20.0,21.6,0.5
2025-11-11 05:00:00,21.0,17.0,78.0,0.0,0.0,130.0,11.0,,1012.0,0.0,3,Chaco,20.0,21.2,0.5
2025-11-11 06:00:00,21.0,17.0,78.0,0.0,0.0,120.0,9.0,,1012.0,0.0,3,Chaco,20.0,21.6,0.5
2025-11-11 07:00:00,21.0,18.0,83.0,0.0,0.0,120.0,9.0,,1012.0,0.0,3,Chaco,20.0,22.0,0.5
2025-11-11 08:00:00,24.0,19.1,74.0,0.0,0.0,100.0,11.0,,1012.0,0.0,3,Chaco,20.0,25.1,2.2
2025-11-11 09:00:00,26.0,17.9,61.0,0.0,0.0,70.0,15.0,,1012.0,0.0,3,Chaco,20.0,25.8,2.6
2025-11-11 10:00:00,27.0,20.1,66.0,0.0,0.0,70.0,15.0,,1012.0,0.0,3,Chaco,20.0,28.5,5.4
2025-11-11 11:00:00,29.0,19.0,55.0,0.0,0.0,50.0,20.0,,1011.0,0.0,3,Chaco,20.0,30.3,5.8
2025-11-11 12:00:00,30.0,19.1,52.0,0.0,0.0,60.0,17.0,,1011.0,0.0,3,Chaco,20.0,31.4,5.8
2025-11-11 13:00:00,32.0,18.9,46.0,0.0,0.0,40.0,22.0,,1010.0,0.0,3,Chaco,20.0,33.5,5.8
2025-11-11 14:00:00,31.0,19.0,49.0,0.0,0.0,60.0,19.0,,1009.0,0.0,3,Chaco,20.0,32.4,5.8
2025-11-11 15:00:00,30.0,19.1,52.0,0.0,0.0,90.0,15.0,,1008.0,0.0,3,Chaco,20.0,31.4,5.8
2025-11-11 16:00:00,32.0,18.9,46.0,0.0,0.0,70.0,20.0,,1007.0,0.0,3,Chaco,20.0,33.5,2.9
2025-11-11 17:00:00,32.0,18.9,46.0,0.0,0.0,70.0,15.0,,1007.0,0.0,3,Chaco,20.0,33.5,2.9
2025-11-11 18:00:00,32.0,18.9,46.0,0.0,0.0,70.0,15.0,,1007.0,0.0,3,Chaco,20.0,33.5,0.7
2025-11-11 19:00:00,30.0,19.1,52.0,0.0,0.0,110.0,13.0,,1007.0,0.0,3,Chaco,20.0,31.4,0.7
2025-11-11 20:00:00,28.0,20.0,62.0,0.0,0.0,130.0,11.0,,1007.0,0.0,3,Chaco,20.0,29.7,0.7
2025-11-11 21:00:00,28.0,20.0,62.0,0.0,0.0,110.0,13.0,,1008.0,0.0,3,Chaco,20.0,29.7,0.7
2025-11-11 22:00:00,27.0,20.1,66.0,0.0,0.0,120.0,11.0,,1008.0,0.0,3,Chaco,20.0,28.5,0.7
2025-11-11 23:00:00,26.0,20.1,70.0,0.0,0.0,110.0,7.0,,1009.0,0.0,3,Chaco,20.0,28.4,0.6
2025-11-12 00:00:00,26.0,20.1,70.0,0.0,0.0,130.0,9.0,,1009.0,0.0,3,Chaco,20.0,28.0,0.6
2025-11-12 01:00:00,25.0,20.0,74.0,0.0,0.0,120.0,9.0,,1009.0,0.0,3,Chaco,20.0,27.0,0.6
2025-11-12 02:00:00,25.0,20.0,74.0,0.0,0.0,120.0,7.0,,1009.0,0.0,3,Chaco,20.0,27.4,0.6
2025-11-12 03:00:00,25.0,21.1,79.0,0.0,0.0,110.0,6.0,,1008.0,0.0,3,Chaco,20.0,28.1,0.6
2025-11-12 04:00:00,25.0,21.1,79.0,0.0,0.0,140.0,6.0,,1008.0,0.0,3,Chaco,20.0,28.1,0.6
2025-11-12 05:00:00,24.0,20.9,83.0,0.0,0.0,130.0,6.0,,1008.0,0.0,25,Chaco,3.0,27.0,0.1
2025-11-12 06:00:00,22.0,21.0,94.0,0.0,0.0,150.0,6.0,,1008.0,0.0,25,Chaco,2.8,25.0,0.1
2025-11-12 07:00:00,22.0,21.0,94.0,0.0,0.0,150.0,13.0,34.0,1009.0,0.0,25,Chaco,2.8,23.7,0.1
2025-11-12 08:00:00,23.0,21.1,89.0,0.0,0.0,290.0,20.0,30.0,1012.0,0.0,3,Chaco,1.8,23.3,2.1
2025-11-12 09:00:00,22.0,21.0,94.0,0.0,0.0,110.0,6.0,,1012.0,0.0,25,Chaco,2.8,25.0,0.3
2025-11-12 10:00:00,22.0,21.0,94.0,4.5,0.0,110.0,19.0,,1011.0,0.0,25,Chaco,2.8,22.5,0.6
2025-11-12 11:00:00,23.0,22.0,94.0,2.0,0.0,110.0,11.0,,1012.0,0.0,25,Chaco,2.8,25.6,0.7
2025-11-12 12:00:00,23.0,22.0,94.0,3.1,0.0,140.0,15.0,,1011.0,0.0,25,Chaco,2.8,24.8,0.7
2025-11-12 13:00:00,22.0,22.0,100.0,0.6,0.0,110.0,15.0,,1012.0,0.0,25,Chaco,0.1,23.8,0.6
2025-11-12 14:00:00,23.0,23.0,100.0,0.3,0.0,120.0,17.0,,1012.0,0.0,8,Chaco,0.1,24.9,2.1
2025-11-12 15:00:00,23.0,22.0,94.0,0.3,0.0,110.0,15.0,,1012.0,0.0,25,Chaco,2.8,24.8,0.7
2025-11-12 16:00:00,23.0,22.0,94.0,0.7,0.0,130.0,9.0,,1012.0,0.0,8,Chaco,2.8,25.9,1.0
2025-11-12 17:00:00,23.0,22.0,94.0,0.4,0.0,130.0,19.0,,1011.0,0.0,8,Chaco,2.8,24.0,1.0
2025-11-12 18:00:00,23.0,21.1,89.0,0.0,0.0,110.0,7.0,,1014.0,0.0,3,Chaco,1.8,25.9,0.5
2025-11-12 19:00:00,22.0,21.0,94.0,0.4,0.0,120.0,9.0,,1013.0,0.0,8,Chaco,2.8,24.4,0.2
2025-11-12 20:00:00,22.0,21.0,94.0,0.0,0.0,160.0,22.0,,1012.0,0.0,3,Chaco,2.8,21.9,0.5
2025-11-12 21:00:00,22.0,19.9,88.0,0.0,0.0,140.0,15.0,,1012.0,0.0,3,Chaco,1.6,22.7,0.5
2025-11-12 22:00:00,22.0,19.9,88.0,0.0,0.0,130.0,11.0,,1013.0,0.0,3,Chaco,1.6,23.5,0.5
2025-11-12 23:00:00,22.0,21.0,94.0,0.0,0.0,110.0,7.0,,1014.0,0.0,2,Chaco,2.8,24.8,0.8
2025-11-13 00:00:00,21.0,21.0,100.0,0.0,0.0,80.0,6.0,,1014.0,0.0,3,Chaco,0.1,24.0,0.5
2025-11-13 01:00:00,21.0,20.0,94.0,0.0,0.0,124.0,4.0,,1013.0,0.0,3,Chaco,2.8,23.9,0.5
2025-11-13 02:00:00,21.0,20.0,94.0,0.0,0.0,280.0,6.0,,1013.0,0.0,3,Chaco,2.8,23.5,0.5
2025-11-13 03:00:00,21.0,20.0,94.0,0.0,0.0,230.0,15.0,,1014.0,0.0,3,Chaco,2.8,21.8,0.5
2025-11-13 04:00:00,21.0,21.0,100.0,0.0,0.0,200.0,13.0,,1013.0,0.0,3,Chaco,0.1,22.7,0.5
2025-11-13 05:00:00,20.0,19.0,94.0,0.0,0.0,200.0,13.0,,1013.0,0.0,3,Chaco,2.8,20.7,0.5
2025-11-13 06:00:00,19.0,17.0,88.0,0.0,0.0,200.0,11.0,,1014.0,0.0,3,Chaco,1.6,19.2,0.5
2025-11-13 07:00:00,19.0,17.0,88.0,0.0,0.0,190.0,15.0,,1015.0,0.0,3,Chaco,1.6,18.4,0.5
2025-11-13 08:00:00,20.0,17.9,88.0,0.0,0.0,180.0,15.0,,1015.0,0.0,3,Chaco,1.6,19.9,1.9
2025-11-13 09:00:00,23.0,18.1,74.0,0.0,0.0,160.0,20.0,,1016.0,0.0,3,Chaco,20.0,22.0,2.1
2025-11-13 10:00:00,24.0,19.1,74.0,0.0,0.0,140.0,15.0,,1016.0,0.0,3,Chaco,20.0,24.3,4.5
2025-11-13 11:00:00,26.0,17.9,61.0,0.0,0.0,140.0,17.0,,1016.0,0.0,3,Chaco,20.0,25.4,5.1
2025-11-13 12:00:00,27.0,19.1,62.0,0.0,0.0,160.0,15.0,,1016.0,0.0,3,Chaco,20.0,28.2,5.4
2025-11-13 13:00:00,28.0,18.1,55.0,0.0,0.0,120.0,15.0,,1016.0,0.0,3,Chaco,20.0,28.9,5.8
2025-11-13 14:00:00,28.0,18.1,55.0,0.0,0.0,110.0,13.0,,1015.0,0.0,3,Chaco,20.0,28.9,5.8
2025-11-13 15:00:00,28.0,18.1,55.0,0.0,0.0,120.0,11.0,,1015.0,0.0,3,Chaco,20.0,28.9,5.8
2025-11-13 16:00:00,28.0,18.1,55.0,0.0,0.0,140.0,13.0,,1014.0,0.0,3,Chaco,20.0,28.9,2.9
2025-11-13 17:00:00,28.0,20.0,62.0,0.0,0.0,160.0,15.0,,1014.0,0.0,2,Chaco,20.0,29.7,4.8
2025-11-13 18:00:00,28.0,20.0,62.0,0.1,0.0,140.0,11.0,,1014.0,0.0,17,Chaco,10.0,29.7,0.6
2025-11-13 19:00:00,27.0,20.1,66.0,0.0,0.0,140.0,11.0,,1014.0,0.0,3,Chaco,20.0,28.5,0.7
2025-11-13 20:00:00,25.0,21.1,79.0,0.0,0.0,180.0,7.0,,1014.0,0.0,3,Chaco,20.0,27.9,0.6
2025-11-13 21:00:00,24.0,20.9,83.0,0.0,0.0,200.0,11.0,,1014.0,0.0,3,Chaco,20.0,26.0,0.6
2025-11-13 22:00:00,24.0,20.9,83.0,0.0,0.0,120.0,4.0,,1015.0,0.0,3,Chaco,20.0,27.4,0.6
2025-11-13 23:00:00,23.0,21.1,89.0,0.0,0.0,0.0,0.0,,1016.0,0.0,3,Chaco,1.8,27.2,0.5
2025-11-14 00:00:00,23.0,21.1,89.0,0.0,0.0,180.0,6.0,,1015.0,0.0,3,Chaco,1.8,26.1,0.5
2025-11-14 01:00:00,22.0,21.0,94.0,0.0,0.0,240.0,4.0,,1015.0,0.0,3,Chaco,2.8,25.4,0.5
2025-11-14 02:00:00,22.0,21.0,94.0,0.0,0.0,200.0,9.0,,1015.0,0.0,2,Chaco,2.8,24.4,0.8
2025-11-14 03:00:00,21.0,20.0,94.0,0.0,0.0,230.0,9.0,,1015.0,0.0,2,Chaco,2.8,22.9,0.8
2025-11-14 04:00:00,21.0,20.0,94.0,0.0,0.0,230.0,6.0,,1015.0,0.0,2,Chaco,2.8,23.5,0.8
2025-11-14 05:00:00,20.0,19.0,94.0,0.0,0.0,180.0,6.0,,1015.0,0.0,3,Chaco,2.8,22.1,0.5
2025-11-14 06:00:00,19.0,18.0,94.0,0.0,0.0,190.0,7.0,,1015.0,0.0,1,Chaco,2.8,20.4,0.8
2025-11-14 07:00:00,20.0,19.0,94.0,0.0,0.0,170.0,9.0,,1016.0,0.0,3,Chaco,2.8,21.5,0.5
2025-11-14 08:00:00,24.0,19.9,78.0,0.0,0.0,130.0,13.0,,1016.0,0.0,3,Chaco,20.0,25.1,2.2
2025-11-14 09:00:00,25.0,20.0,74.0,0.0,0.0,110.0,11.0,,1016.0,0.0,3,Chaco,20.0,26.6,2.4
2025-11-14 10:00:00,27.0,21.0,70.0,0.0,0.0,110.0,6.0,,1016.0,0.0,3,Chaco,20.0,28.9,5.4
2025-11-14 11:00:00,29.0,22.0,66.0,0.0,0.0,80.0,7.0,,1016.0,0.0,3,Chaco,20.0,32.0,5.8
2025-11-14 12:00:00,29.0,21.0,62.0,0.0,0.0,110.0,13.0,,1016.0,0.0,3,Chaco,20.0,31.3,5.8
2025-11-14 13:00:00,30.0,21.1,59.0,0.0,0.0,130.0,13.0,,1015.0,0.0,3,Chaco,20.0,32.6,5.8
2025-11-14 14:00:00,30.0,21.1,59.0,0.0,0.0,140.0,11.0,,1015.0,0.0,3,Chaco,20.0,32.6,5.8
2025-11-14 15:00:00,30.0,21.1,59.0,0.0,0.0,150.0,13.0,,1014.0,0.0,3,Chaco,20.0,32.6,5.8
2025-11-14 16:00:00,30.0,21.9,62.0,0.0,0.0,140.0,11.0,,1013.0,0.0,3,Chaco,20.0,33.2,2.9
2025-11-14 17:00:00,30.0,21.9,62.0,0.0,0.0,140.0,13.0,,1013.0,0.0,3,Chaco,20.0,33.2,2.9
2025-11-14 18:00:00,29.0,22.0,66.0,0.0,0.0,140.0,9.0,,1013.0,0.0,3,Chaco,20.0,32.0,0.7
2025-11-14 19:00:00,29.0,23.0,70.0,0.0,0.0,0.0,0.0,,1013.0,0.0,3,Chaco,20.0,32.7,0.7
2025-11-14 20:00:00,28.0,22.0,70.0,0.0,0.0,130.0,6.0,,1013.0,0.0,3,Chaco,20.0,30.7,0.7
2025-11-14 21:00:00,26.0,23.1,84.0,0.0,0.0,160.0,9.0,,1014.0,0.0,3,Chaco,20.0,29.5,0.6
2025-11-14 22:00:00,25.0,23.1,89.0,0.0,0.0,140.0,7.0,,1014.0,0.0,3,Chaco,1.8,28.9,0.6
2025-11-14 23:00:00,25.0,22.1,84.0,0.0,0.0,140.0,9.0,,1014.0,0.0,3,Chaco,20.0,28.0,0.6
2025-11-15 00:00:00,25.0,22.1,84.0,0.0,0.0,120.0,9.0,,1013.0,0.0,3,Chaco,20.0,28.0,0.6
2025-11-15 01:00:00,25.0,21.1,79.0,0.0,0.0,90.0,6.0,,1013.0,0.0,3,Chaco,20.0,28.1,0.6
2025-11-15 02:00:00,24.0,19.9,78.0,0.0,0.0,130.0,9.0,,1012.0,0.0,3,Chaco,20.0,25.9,0.6
2025-11-15 03:00:00,24.0,19.9,78.0,0.0,0.0,90.0,6.0,,1012.0,0.0,3,Chaco,20.0,26.5,0.6
2025-11-15 04:00:00,24.0,20.9,83.0,0.0,0.0,130.0,9.0,,1011.0,0.0,3,Chaco,20.0,26.4,0.6
2025-11-15 05:00:00,23.0,21.1,89.0,0.0,0.0,180.0,7.0,,1012.0,0.0,3,Chaco,1.8,25.9,0.5
2025-11-15 06:00:00,23.0,22.0,94.0,0.0,0.0,180.0,6.0,,1012.0,0.0,3,Chaco,2.8,26.5,0.5
2025-11-15 07:00:00,24.0,20.9,83.0,0.0,0.0,140.0,7.0,,1012.0,0.0,3,Chaco,20.0,26.8,0.6
2025-11-15 08:00:00,25.0,21.1,79.0,0.0,0.0,110.0,11.0,,1012.0,0.0,2,Chaco,20.0,27.1,4.0
2025-11-15 09:00:00,27.0,22.0,74.0,0.0,0.0,90.0,11.0,,1012.0,0.0,1,Chaco,20.0,29.2,4.5
2025-11-15 10:00:00,29.0,23.0,70.0,0.0,0.0,70.0,17.0,,1012.0,0.0,1,Chaco,20.0,32.7,9.6
2025-11-15 11:00:00,30.0,23.9,70.0,0.0,0.0,40.0,13.0,,1011.0,0.0,2,Chaco,20.0,35.0,9.6
2025-11-15 12:00:00,31.0,23.1,63.0,0.0,0.0,70.0,20.0,,1010.0,0.0,2,Chaco,20.0,35.6,9.6
2025-11-15 13:00:00,31.0,23.1,63.0,0.0,0.0,50.0,22.0,,1009.0,0.0,2,Chaco,20.0,35.6,9.6
2025-11-15 14:00:00,31.0,23.1,63.0,0.2,0.0,50.0,20.0,,1009.0,0.0,17,Chaco,10.0,35.6,4.8
2025-11-15 15:00:00,31.0,23.1,63.0,0.2,0.0,50.0,20.0,,1008.0,0.0,17,Chaco,10.0,35.6,4.8
2025-11-15 16:00:00,31.0,23.1,63.0,0.0,0.0,60.0,19.0,,1006.0,0.0,3,Chaco,20.0,35.6,2.9
2025-11-15 17:00:00,32.0,23.0,59.0,0.0,0.0,70.0,20.0,,1005.0,0.0,2,Chaco,20.0,36.8,4.8
2025-11-15 18:00:00,31.0,23.1,63.0,0.0,0.0,70.0,19.0,,1005.0,0.0,3,Chaco,20.0,35.6,0.7
2025-11-15 19:00:00,30.0,22.9,66.0,0.0,0.0,70.0,20.0,,1005.0,0.0,2,Chaco,20.0,34.1,1.2
2025-11-15 20:00:00,29.0,23.0,70.0,0.0,0.0,60.0,13.0,,1005.0,0.0,2,Chaco,20.0,32.7,1.2
2025-11-15 21:00:00,28.0,22.9,74.0,0.0,0.0,70.0,15.0,,1005.0,0.0,1,Chaco,20.0,31.2,1.2
2025-11-15 22:00:00,28.0,22.9,74.0,0.0,0.0,50.0,19.0,,1006.0,0.0,1,Chaco,20.0,31.2,1.2
2025-11-15 23:00:00,26.0,23.1,84.0,0.0,0.0,40.0,20.0,,1006.0,0.0,1,Chaco,20.0,27.4,1.1
2025-11-16 00:00:00,26.0,22.1,79.0,0.0,0.0,40.0,17.0,,1006.0,0.0,1,Chaco,20.0,27.4,1.1
2025-11-16 01:00:00,25.0,22.1,84.0,0.0,0.0,40.0,20.0,,1005.0,0.0,1,Chaco,20.0,25.9,1.0
2025-11-16 02:00:00,24.0,23.0,94.0,0.0,0.0,30.0,19.0,,1005.0,0.0,1,Chaco,2.8,25.5,0.9
2025-11-16 03:00:00,24.0,23.0,94.0,0.0,0.0,20.0,19.0,,1004.0,0.0,3,Chaco,2.8,25.5,0.6
2025-11-16 04:00:00,24.0,22.1,89.0,0.0,0.0,30.0,22.0,,1004.0,0.0,3,Chaco,1.8,24.5,0.6
2025-11-16 05:00:00,24.0,22.1,89.0,0.0,0.0,30.0,24.0,,1003.0,0.0,3,Chaco,1.8,24.1,0.6
2025-11-16 06:00:00,24.0,22.1,89.0,0.0,0.0,30.0,22.0,,1003.0,0.0,3,Chaco,1.8,24.5,0.6
2025-11-16 07:00:00,24.0,22.1,89.0,0.0,0.0,20.0,26.0,,1004.0,0.0,3,Chaco,1.8,23.7,0.6
2025-11-16 08:00:00,26.0,22.1,79.0,1.7,0.0,10.0,30.0,,1004.0,0.0,9,Chaco,2.0,24.9,1.3
2025-11-16 09:00:00,26.0,22.1,79.0,10.7,0.0,340.0,15.0,,1005.0,0.0,9,Chaco,0.8,27.8,1.3
2025-11-16 10:00:00,27.0,23.0,79.0,4.4,0.0,350.0,20.0,34.0,1005.0,0.0,9,Chaco,2.0,29.6,2.7
2025-11-16 11:00:00,17.0,17.0,100.0,2.7,0.0,210.0,46.0,36.0,1007.0,0.0,9,Chaco,0.2,10.4,1.9
2025-11-16 12:00:00,18.0,18.0,100.0,8.0,0.0,200.0,41.0,32.0,1008.0,0.0,8,Chaco,0.2,12.8,1.9
2025-11-16 13:00:00,18.0,18.0,100.0,1.0,0.0,200.0,33.0,,1009.0,0.0,9,Chaco,0.1,14.4,1.9
2025-11-16 14:00:00,18.0,17.0,94.0,2.3,0.0,180.0,30.0,26.0,1008.0,0.0,9,Chaco,3.6,14.6,1.9
2025-11-16 15:00:00,18.0,18.0,100.0,2.0,0.0,150.0,13.0,,1007.0,0.0,25,Chaco,0.1,18.3,0.6
2025-11-16 16:00:00,19.0,17.0,88.0,0.1,0.0,150.0,11.0,,1008.0,0.0,7,Chaco,1.6,19.2,1.0
2025-11-16 17:00:00,18.0,17.0,94.0,0.0,0.0,80.0,13.0,,1007.0,0.0,3,Chaco,2.8,17.9,1.9
2025-11-16 18:00:00,19.0,18.0,94.0,0.0,0.0,50.0,9.0,,1008.0,0.0,25,Chaco,2.8,20.0,0.1
2025-11-16 19:00:00,19.0,18.0,94.0,0.0,0.0,250.0,6.0,,1008.0,0.0,25,Chaco,2.8,20.6,0.1
2025-11-16 20:00:00,18.0,18.0,100.0,0.0,0.0,230.0,6.0,,1009.0,0.0,25,Chaco,0.1,19.6,0.1
2025-11-16 21:00:00,18.0,18.0,100.0,0.0,0.0,180.0,4.0,,1010.0,0.0,25,Chaco,0.1,20.0,0.1
2025-11-16 22:00:00,18.0,18.0,100.0,0.0,0.0,260.0,9.0,,1012.0,0.0,25,Chaco,0.1,19.0,0.1
2025-11-16 23:00:00,18.0,18.0,100.0,0.0,0.0,260.0,7.0,,1014.0,0.0,1,Chaco,0.1,19.4,0.8
2025-11-17 00:00:00,18.0,18.0,100.0,0.0,0.0,270.0,9.0,,1013.0,0.0,1,Chaco,0.1,19.0,0.8
2025-11-17 01:00:00,18.0,17.0,94.0,0.0,0.0,260.0,7.0,,1013.0,0.0,1,Chaco,2.8,19.0,0.8
2025-11-17 02:00:00,18.0,17.0,94.0,0.0,0.0,250.0,13.0,,1012.0,0.0,1,Chaco,2.8,17.9,0.8
2025-11-17 03:00:00,18.0,17.0,94.0,0.0,0.0,250.0,9.0,,1013.0,0.0,1,Chaco,2.8,18.6,0.8
2025-11-17 04:00:00,18.0,17.0,94.0,0.0,0.0,230.0,15.0,,1012.0,0.0,2,Chaco,2.8,17.5,0.8
2025-11-17 05:00:00,18.0,17.0,94.0,0.0,0.0,220.0,20.0,,1013.0,0.0,2,Chaco,2.8,16.5,0.8
2025-11-17 06:00:00,17.0,16.0,94.0,0.0,0.0,210.0,19.0,,1014.0,0.0,3,Chaco,2.8,15.3,0.5
2025-11-17 07:00:00,17.0,16.0,94.0,0.0,0.0,200.0,19.0,,1014.0,0.0,3,Chaco,2.8,15.3,0.5
2025-11-17 08:00:00,18.0,15.1,83.0,0.0,0.0,200.0,24.0,,1015.0,0.0,3,Chaco,20.0,15.0,1.9
2025-11-17 09:00:00,19.0,12.0,64.0,0.0,0.0,190.0,26.0,,1016.0,0.0,3,Chaco,20.0,14.6,1.9
2025-11-17 10:00:00,20.0,12.0,60.0,0.0,0.0,200.0,26.0,,1016.0,0.0,2,Chaco,20.0,15.6,6.4
2025-11-17 11:00:00,21.0,11.9,56.0,0.0,0.0,200.0,22.0,,1017.0,0.0,1,Chaco,20.0,17.3,6.4
2025-11-17 12:00:00,22.0,11.1,50.0,0.0,0.0,170.0,20.0,,1016.0,0.0,1,Chaco,20.0,18.5,6.4
2025-11-17 13:00:00,23.0,11.1,47.0,0.1,0.0,220.0,20.0,,1015.0,0.0,17,Chaco,10.0,19.5,3.5
2025-11-17 14:00:00,24.0,12.9,50.0,0.0,0.0,220.0,19.0,,1014.0,0.0,2,Chaco,20.0,21.2,7.5
2025-11-17 15:00:00,24.0,11.0,44.0,0.0,0.0,230.0,17.0,,1013.0,0.0,2,Chaco,20.0,21.0,7.5
2025-11-17 16:00:00,23.0,11.1,47.0,0.0,0.0,250.0,15.0,,1012.0,0.0,2,Chaco,20.0,20.4,3.5
2025-11-17 17:00:00,24.0,9.9,41.0,0.0,0.0,250.0,19.0,,1012.0,0.0,2,Chaco,20.0,20.3,3.7
2025-11-17 18:00:00,23.0,10.1,44.0,0.0,0.0,200.0,13.0,,1012.0,0.0,2,Chaco,20.0,20.5,0.9
2025-11-17 19:00:00,22.0,12.0,53.0,0.0,0.0,210.0,11.0,,1012.0,0.0,2,Chaco,20.0,20.5,0.8
2025-11-17 20:00:00,20.0,13.0,64.0,0.0,0.0,190.0,6.0,,1012.0,0.0,2,Chaco,20.0,19.8,0.8
2025-11-17 21:00:00,19.0,14.0,73.0,0.0,0.0,150.0,4.0,,1012.0,0.0,1,Chaco,20.0,19.5,0.8
2025-11-17 22:00:00,18.0,14.1,78.0,0.0,0.0,150.0,6.0,,1013.0,0.0,1,Chaco,20.0,18.1,0.8
2025-11-17 23:00:00,17.0,14.1,83.0,0.0,0.0,180.0,6.0,,1013.0,0.0,1,Chaco,20.0,17.1,0.8
2025-11-18 00:00:00,16.0,14.0,88.0,0.0,0.0,180.0,2.0,,1013.0,0.0,1,Chaco,1.6,16.9,0.8
2025-11-18 01:00:00,15.0,14.0,94.0,0.0,0.0,190.0,6.0,,1012.0,0.0,1,Chaco,2.8,15.1,0.8
2025-11-18 02:00:00,15.0,14.0,94.0,0.0,0.0,160.0,7.0,,1011.0,0.0,1,Chaco,2.8,14.9,0.8
2025-11-18 03:00:00,15.0,13.0,88.0,0.0,0.0,160.0,4.7,,1011.0,0.0,1,Chaco,1.6,15.0,0.8
2025-11-18 04:00:00,15.0,13.0,88.0,0.0,0.0,180.0,4.0,,1010.0,0.0,1,Chaco,1.6,15.2,0.8
2025-11-18 05:00:00,15.0,13.0,88.0,0.0,0.0,70.0,2.0,,1010.0,0.0,1,Chaco,1.6,15.6,0.8
2025-11-18 06:00:00,14.0,12.0,88.0,0.0,0.0,120.0,4.0,,1010.0,0.0,1,Chaco,1.6,13.9,0.8
2025-11-18 07:00:00,15.0,14.0,94.0,0.0,0.0,110.0,4.0,,1011.0,0.0,1,Chaco,2.8,15.5,0.8
2025-11-18 08:00:00,19.0,13.0,68.0,0.0,0.0,50.0,7.0,,1011.0,0.0,1,Chaco,20.0,18.6,3.2
2025-11-18 09:00:00,20.0,13.9,68.0,0.0,0.0,50.0,13.0,,1012.0,0.0,1,Chaco,20.0,18.7,3.2
2025-11-18 10:00:00,22.0,14.1,61.0,0.0,0.0,20.0,9.0,,1012.0,0.0,1,Chaco,20.0,21.6,6.4
2025-11-18 11:00:00,23.0,12.9,53.0,0.0,0.0,360.0,11.0,,1011.0,0.0,1,Chaco,20.0,21.8,6.9
2025-11-18 12:00:00,24.0,12.0,47.0,0.0,0.0,320.0,11.0,,1011.0,0.0,1,Chaco,20.0,22.5,7.5
2025-11-18 13:00:00,26.0,12.1,42.0,0.0,0.0,320.0,11.0,,1010.0,0.0,1,Chaco,20.0,24.5,8.5
2025-11-18 14:00:00,27.0,13.0,42.0,0.0,0.0,320.0,15.0,,1009.0,0.0,1,Chaco,20.0,27.0,9.1
2025-11-18 15:00:00,27.0,14.0,45.0,0.0,0.0,300.0,13.0,,1009.0,0.0,1,Chaco,20.0,27.1,9.1
2025-11-18 16:00:00,28.0,13.1,40.0,0.0,0.0,320.0,15.0,,1008.0,0.0,1,Chaco,20.0,27.7,4.8
2025-11-18 17:00:00,28.0,13.1,40.0,0.0,0.0,320.0,13.0,,1008.0,0.0,1,Chaco,20.0,27.7,4.8
2025-11-18 18:00:00,28.0,13.9,42.0,0.0,0.0,340.0,7.0,,1008.0,0.0,1,Chaco,20.0,27.8,1.2
2025-11-18 19:00:00,27.0,16.0,51.0,0.0,0.0,360.0,6.0,,1008.0,0.0,1,Chaco,20.0,27.5,1.1
2025-11-18 20:00:00,24.0,16.0,61.0,0.0,0.0,20.0,7.0,,1008.0,0.0,1,Chaco,20.0,24.6,0.9
2025-11-18 21:00:00,23.0,17.0,69.0,0.0,0.0,20.0,6.0,,1008.0,0.0,1,Chaco,20.0,24.2,0.9
2025-11-18 22:00:00,21.0,17.0,78.0,0.0,0.0,0.0,0.0,,1009.0,0.0,1,Chaco,20.0,23.4,0.8
2025-11-18 23:00:00,20.0,17.9,88.0,0.0,0.0,60.0,4.0,,1009.0,0.0,1,Chaco,1.6,22.0,0.8
2025-11-19 00:00:00,20.0,16.0,78.0,0.0,0.0,30.0,9.0,,1009.0,0.0,1,Chaco,20.0,20.3,0.8
2025-11-19 01:00:00,20.0,16.0,78.0,0.0,0.0,30.0,9.0,,1008.0,0.0,1,Chaco,20.0,20.3,0.8
2025-11-19 02:00:00,19.0,15.1,78.0,0.0,0.0,20.0,9.0,,1008.0,0.0,1,Chaco,20.0,18.9,0.8
2025-11-19 03:00:00,19.0,15.1,78.0,0.0,0.0,10.0,6.0,,1008.0,0.0,1,Chaco,20.0,19.5,0.8
2025-11-19 04:00:00,18.0,15.1,83.0,0.0,0.0,360.0,7.0,,1008.0,0.0,1,Chaco,20.0,18.3,0.8
2025-11-19 05:00:00,19.0,14.0,73.0,0.0,0.0,10.0,7.0,,1009.0,0.0,1,Chaco,20.0,18.9,0.8
2025-11-19 06:00:00,18.0,14.1,78.0,0.0,0.0,328.0,4.0,,1010.0,0.0,1,Chaco,20.0,18.5,0.8
2025-11-19 07:00:00,19.0,15.1,78.0,0.0,0.0,282.0,4.0,,1011.0,0.0,1,Chaco,20.0,19.9,0.8
2025-11-19 08:00:00,23.0,15.1,61.0,0.0,0.0,290.0,7.0,,1011.0,0.0,1,Chaco,20.0,23.3,3.5
2025-11-19 09:00:00,25.0,15.9,57.0,0.0,0.0,212.0,4.0,,1012.0,0.0,1,Chaco,20.0,26.2,4.0
2025-11-19 10:00:00,26.0,15.1,51.0,0.0,0.0,340.0,6.0,,1012.0,0.0,1,Chaco,20.0,26.5,8.5
2025-11-19 11:00:00,28.0,16.9,51.0,0.0,0.0,227.0,4.0,,1012.0,0.0,1,Chaco,20.0,28.5,9.6
2025-11-19 12:00:00,30.0,17.1,46.0,0.0,0.0,340.0,7.0,,1012.0,0.0,1,Chaco,20.0,30.5,9.6
2025-11-19 13:00:00,30.0,17.1,46.0,0.0,0.0,320.0,9.0,,1012.0,0.0,1,Chaco,20.0,30.5,9.6
2025-11-19 14:00:00,31.0,15.8,40.0,0.0,0.0,117.0,7.0,,1011.0,0.0,1,Chaco,20.0,30.9,9.6
2025-11-19 15:00:00,32.0,13.2,32.0,0.0,0.0,180.0,9.0,,1010.0,0.0,1,Chaco,20.0,31.3,9.6
2025-11-19 16:00:00,32.0,13.2,32.0,0.0,0.0,109.0,7.0,,1010.0,0.0,1,Chaco,20.0,31.6,4.8
2025-11-19 17:00:00,31.0,11.9,31.0,0.0,0.0,150.0,9.0,,1009.0,0.0,1,Chaco,20.0,29.8,4.8
2025-11-19 18:00:00,31.0,12.8,33.0,0.0,0.0,150.0,9.0,,1009.0,0.0,1,Chaco,20.0,30.1,1.2
2025-11-19 19:00:00,29.0,12.8,37.0,0.0,0.0,130.0,9.0,,1009.0,0.0,1,Chaco,20.0,28.1,1.2
2025-11-19 20:00:00,27.0,16.0,51.0,0.0,0.0,110.0,6.0,,1009.0,0.0,1,Chaco,20.0,27.5,1.1
2025-11-19 21:00:00,27.0,16.0,51.0,0.0,0.0,110.0,6.0,,1009.0,0.0,1,Chaco,20.0,27.5,1.1
2025-11-19 22:00:00,25.0,15.9,57.0,0.0,0.0,110.0,7.0,,1010.0,0.0,1,Chaco,20.0,25.6,1.0
2025-11-19 23:00:00,24.0,16.0,61.0,0.0,0.0,90.0,4.0,,1011.0,0.0,1,Chaco,20.0,25.2,0.9
2025-11-20 00:00:00,24.0,16.0,61.0,0.0,0.0,70.0,7.0,,1010.0,0.0,1,Chaco,20.0,24.6,0.9
2025-11-20 01:00:00,23.0,17.0,69.0,0.0,0.0,100.0,7.0,,1010.0,0.0,1,Chaco,20.0,24.0,0.9
2025-11-20 02:00:00,22.0,16.9,73.0,0.0,0.0,90.0,7.0,,1009.0,0.0,1,Chaco,20.0,23.0,0.8
2025-11-20 03:00:00,22.0,16.9,73.0,0.0,0.0,90.0,7.0,,1008.0,0.0,1,Chaco,20.0,23.0,0.8
2025-11-20 04:00:00,21.0,17.0,78.0,0.0,0.0,80.0,9.0,,1008.0,0.0,2,Chaco,20.0,21.6,0.8
2025-11-20 05:00:00,20.0,17.0,83.0,0.0,0.0,110.0,7.0,,1008.0,0.0,1,Chaco,20.0,21.0,0.8
2025-11-20 06:00:00,20.0,17.0,83.0,0.0,0.0,70.0,9.0,,1008.0,0.0,1,Chaco,20.0,20.6,0.8
2025-11-20 07:00:00,22.0,18.0,78.0,0.0,0.0,70.0,11.0,,1008.0,0.0,1,Chaco,20.0,22.6,0.8
2025-11-20 08:00:00,25.0,18.9,69.0,0.0,0.0,60.0,15.0,,1008.0,0.0,1,Chaco,20.0,25.3,4.0
2025-11-20 09:00:00,27.0,19.1,62.0,0.0,0.0,50.0,24.0,,1008.0,0.0,2,Chaco,20.0,28.2,4.5
2025-11-20 10:00:00,28.0,18.1,55.0,0.0,0.0,50.0,26.0,,1008.0,0.0,3,Chaco,20.0,28.9,5.8
2025-11-20 11:00:00,30.0,18.1,49.0,0.0,0.0,40.0,30.0,,1008.0,0.0,2,Chaco,20.0,30.9,9.6
2025-11-20 12:00:00,31.0,16.9,43.0,0.0,0.0,50.0,28.0,,1007.0,0.0,3,Chaco,20.0,31.4,5.8
2025-11-20 13:00:00,32.0,17.1,41.0,0.0,0.0,40.0,26.0,,1006.0,0.0,2,Chaco,20.0,32.5,9.6
2025-11-20 14:00:00,32.0,15.9,38.0,0.0,0.0,40.0,30.0,,1005.0,0.0,1,Chaco,20.0,28.1,9.6
2025-11-20 15:00:00,33.0,17.2,39.0,0.0,0.0,50.0,24.0,,1004.0,0.0,3,Chaco,20.0,30.8,5.8
2025-11-20 16:00:00,33.0,19.1,44.0,0.0,0.0,60.0,20.0,,1003.0,0.0,2,Chaco,20.0,34.7,4.8
2025-11-20 17:00:00,33.0,17.2,39.0,0.0,0.0,60.0,24.0,,1002.0,0.0,3,Chaco,20.0,30.8,2.9
2025-11-20 18:00:00,32.0,18.9,46.0,0.0,0.0,70.0,20.0,,1002.0,0.0,2,Chaco,20.0,33.5,1.2
2025-11-20 19:00:00,31.0,19.0,49.0,0.0,0.0,70.0,17.0,,1001.0,0.0,1,Chaco,20.0,32.4,1.2
2025-11-20 20:00:00,28.0,19.0,58.0,0.0,0.0,70.0,11.0,,1002.0,0.0,1,Chaco,20.0,29.2,1.2
2025-11-20 21:00:00,27.0,16.9,54.0,0.0,0.0,60.0,13.0,,1002.0,0.0,1,Chaco,20.0,27.7,1.1
2025-11-20 22:00:00,25.0,18.0,65.0,0.0,0.0,60.0,11.0,,1003.0,0.0,1,Chaco,20.0,25.6,1.0
2025-11-20 23:00:00,26.0,17.1,58.0,0.0,0.0,50.0,17.0,,1003.0,0.0,3,Chaco,20.0,25.1,0.6
2025-11-21 00:00:00,23.0,18.1,74.0,0.0,0.0,30.0,9.0,,1004.0,0.0,3,Chaco,20.0,24.1,0.5
2025-11-21 01:00:00,23.0,18.1,74.0,0.0,0.0,30.0,9.0,,1004.0,0.0,2,Chaco,20.0,24.1,0.9
2025-11-21 02:00:00,23.0,17.0,69.0,0.0,0.0,30.0,7.0,,1004.0,0.0,2,Chaco,20.0,24.0,0.9
2025-11-21 03:00:00,21.0,17.0,78.0,0.0,0.0,12.0,2.0,,1004.0,0.0,2,Chaco,20.0,23.0,0.8
2025-11-21 04:00:00,21.0,17.0,78.0,0.0,0.0,110.0,7.0,,1005.0,0.0,2,Chaco,20.0,22.0,0.8
2025-11-21 05:00:00,21.0,17.0,78.0,0.0,0.0,100.0,6.0,,1006.0,0.0,1,Chaco,20.0,22.2,0.8
2025-11-21 06:00:00,21.0,18.0,83.0,0.0,0.0,100.0,7.0,,1006.0,0.0,1,Chaco,20.0,22.4,0.8
2025-11-21 07:00:00,22.0,19.0,83.0,0.0,0.0,230.0,35.0,33.0,1009.0,0.0,3,Chaco,20.0,18.4,0.5
2025-11-21 08:00:00,27.0,19.1,62.0,0.0,0.0,200.0,9.0,,1011.0,0.0,3,Chaco,20.0,28.2,2.7
2025-11-21 09:00:00,28.0,16.9,51.0,0.0,0.0,230.0,22.0,34.0,1012.0,0.0,3,Chaco,20.0,28.5,2.9
2025-11-21 10:00:00,24.0,18.0,69.0,0.0,0.0,210.0,44.0,35.0,1014.0,0.0,3,Chaco,20.0,18.2,4.5
2025-11-21 11:00:00,24.0,18.0,69.0,0.0,0.0,210.0,30.0,,1015.0,0.0,3,Chaco,20.0,20.9,4.5
2025-11-21 12:00:00,26.0,16.0,54.0,0.1,0.0,190.0,20.0,,1015.0,0.0,7,Chaco,10.0,24.1,2.6
2025-11-21 13:00:00,26.0,16.0,54.0,0.0,0.0,200.0,9.0,,1014.0,0.0,3,Chaco,20.0,26.2,5.1
2025-11-21 14:00:00,26.0,16.0,54.0,0.0,0.0,230.0,17.0,,1013.0,0.0,3,Chaco,20.0,24.7,5.1
2025-11-21 15:00:00,25.0,16.9,61.0,0.0,0.0,230.0,22.0,,1013.0,0.0,3,Chaco,20.0,23.1,4.8
2025-11-21 16:00:00,24.0,18.0,69.0,0.0,0.0,220.0,32.0,,1013.0,0.0,3,Chaco,20.0,20.6,2.2
2025-11-21 17:00:00,24.0,17.0,65.0,0.0,0.0,210.0,24.0,,1012.0,0.0,3,Chaco,20.0,21.7,2.2
2025-11-21 18:00:00,24.0,18.0,69.0,0.0,0.0,220.0,22.0,,1013.0,0.0,3,Chaco,20.0,22.5,0.6
2025-11-21 19:00:00,23.0,17.0,69.0,0.0,0.0,210.0,22.0,,1012.0,0.0,1,Chaco,20.0,21.1,0.9
2025-11-21 20:00:00,22.0,16.9,73.0,0.0,0.0,200.0,9.0,,1013.0,0.0,1,Chaco,20.0,22.6,0.8
2025-11-21 21:00:00,20.0,17.0,83.0,0.0,0.0,210.0,7.0,,1014.0,0.0,1,Chaco,20.0,21.0,0.8
2025-11-21 22:00:00,20.0,17.0,83.0,0.0,0.0,210.0,9.0,,1015.0,0.0,1,Chaco,20.0,20.6,0.8
2025-11-21 23:00:00,19.0,16.0,83.0,0.0,0.0,200.0,15.0,,1015.0,0.0,1,Chaco,20.0,18.1,0.8
2025-11-22 00:00:00,19.0,15.1,78.0,0.0,0.0,200.0,13.0,,1016.0,0.0,1,Chaco,20.0,18.1,0.8
2025-11-22 01:00:00,18.0,14.1,78.0,0.0,0.0,210.0,11.0,,1016.0,0.0,1,Chaco,20.0,17.2,0.8
2025-11-22 02:00:00,17.0,14.1,83.0,0.0,0.0,220.0,13.0,,1015.0,0.0,1,Chaco,20.0,15.8,0.8
2025-11-22 03:00:00,16.0,14.0,88.0,0.0,0.0,220.0,11.0,,1015.0,0.0,1,Chaco,1.6,15.1,0.8
2025-11-22 04:00:00,16.0,12.9,82.0,0.0,0.0,210.0,9.0,,1015.0,0.0,1,Chaco,20.0,15.2,0.8
2025-11-22 05:00:00,15.0,13.0,88.0,0.0,0.0,200.0,7.0,,1015.0,0.0,1,Chaco,1.6,14.6,0.8
2025-11-22 06:00:00,15.0,13.0,88.0,0.0,0.0,200.0,9.0,,1015.0,0.0,1,Chaco,1.6,14.2,0.8
2025-11-22 07:00:00,16.0,14.0,88.0,0.0,0.0,180.0,15.0,,1015.0,0.0,1,Chaco,1.6,14.4,0.8
2025-11-22 08:00:00,19.0,14.0,73.0,0.0,0.0,160.0,17.0,,1016.0,0.0,1,Chaco,20.0,17.0,3.2
2025-11-22 09:00:00,22.0,16.0,69.0,0.0,0.0,140.0,19.0,,1016.0,0.0,1,Chaco,20.0,20.3,3.2
2025-11-22 10:00:00,23.0,16.1,65.0,0.0,0.0,160.0,20.0,,1016.0,0.0,1,Chaco,20.0,21.1,6.9
2025-11-22 11:00:00,24.0,12.9,50.0,0.0,0.0,160.0,19.0,,1016.0,0.0,1,Chaco,20.0,21.2,7.5
2025-11-22 12:00:00,25.0,12.9,47.0,0.0,0.0,180.0,20.0,,1016.0,0.0,2,Chaco,20.0,22.0,8.0
2025-11-22 13:00:00,25.0,12.9,47.0,0.0,0.0,160.0,17.0,,1016.0,0.0,2,Chaco,20.0,22.6,8.0
2025-11-22 14:00:00,26.0,14.1,48.0,0.0,0.0,180.0,15.0,,1015.0,0.0,2,Chaco,20.0,24.4,8.5
2025-11-22 15:00:00,26.0,14.1,48.0,0.0,0.0,160.0,17.0,,1014.0,0.0,2,Chaco,20.0,24.0,8.5
2025-11-22 16:00:00,25.0,14.1,51.0,0.0,0.0,180.0,19.0,,1014.0,0.0,2,Chaco,20.0,22.6,4.0
2025-11-22 17:00:00,25.0,14.1,51.0,0.0,0.0,170.0,20.0,,1014.0,0.0,3,Chaco,20.0,22.4,2.4
2025-11-22 18:00:00,25.0,12.9,47.0,0.0,0.0,180.0,19.0,,1014.0,0.0,3,Chaco,20.0,22.2,0.6
2025-11-22 19:00:00,23.0,15.1,61.0,0.0,0.0,180.0,11.0,,1014.0,0.0,3,Chaco,20.0,22.5,0.5
2025-11-22 20:00:00,22.0,16.0,69.0,0.2,0.0,180.0,9.0,,1014.0,0.0,17,Chaco,10.0,22.3,0.4
2025-11-22 21:00:00,21.0,13.9,64.0,0.0,0.0,170.0,9.0,,1015.0,0.0,3,Chaco,20.0,20.5,0.5
2025-11-22 22:00:00,20.0,15.0,73.0,0.0,0.0,200.0,13.0,,1015.0,0.0,2,Chaco,20.0,19.1,0.8
2025-11-22 23:00:00,19.0,14.0,73.0,0.0,0.0,180.0,17.0,,1016.0,0.0,2,Chaco,20.0,17.0,0.8
2025-11-23 00:00:00,19.0,14.0,73.0,0.0,0.0,180.0,13.0,,1016.0,0.0,1,Chaco,20.0,17.8,0.8
2025-11-23 01:00:00,18.0,14.1,78.0,0.0,0.0,180.0,9.0,,1016.0,0.0,2,Chaco,20.0,17.5,0.8
2025-11-23 02:00:00,17.0,12.9,77.0,0.0,0.0,180.0,9.0,,1015.0,0.0,2,Chaco,20.0,16.2,0.8
2025-11-23 03:00:00,16.0,12.9,82.0,0.0,0.0,200.0,11.0,,1015.0,0.0,2,Chaco,20.0,14.8,0.8
2025-11-23 04:00:00,16.0,12.9,82.0,0.0,0.0,190.0,15.0,,1015.0,0.0,1,Chaco,20.0,14.0,0.8
2025-11-23 05:00:00,15.0,13.0,88.0,0.0,0.0,180.0,17.0,,1015.0,0.0,1,Chaco,1.6,12.6,0.8
2025-11-23 06:00:00,16.0,12.9,82.0,0.0,0.0,180.0,17.0,,1015.0,0.0,1,Chaco,20.0,13.6,0.8
2025-11-23 07:00:00,17.0,12.9,77.0,0.0,0.0,180.0,15.0,,1016.0,0.0,1,Chaco,20.0,15.0,0.8
2025-11-23 08:00:00,19.0,15.1,78.0,0.0,0.0,170.0,19.0,,1016.0,0.0,1,Chaco,20.0,16.9,3.2
2025-11-23 09:00:00,21.0,15.1,69.0,0.0,0.0,170.0,15.0,,1017.0,0.0,1,Chaco,20.0,19.7,3.2
2025-11-23 10:00:00,22.0,16.0,69.0,0.0,0.0,180.0,15.0,,1017.0,0.0,1,Chaco,20.0,21.1,6.4
2025-11-23 11:00:00,24.0,14.9,57.0,0.0,0.0,190.0,19.0,,1016.0,0.0,1,Chaco,20.0,21.9,7.5
2025-11-23 12:00:00,25.0,12.9,47.0,0.0,0.0,180.0,19.0,,1016.0,0.0,2,Chaco,20.0,22.2,8.0
2025-11-23 13:00:00,26.0,13.1,45.0,0.0,0.0,180.0,20.0,,1015.0,0.0,2,Chaco,20.0,23.1,8.5
2025-11-23 14:00:00,26.0,15.1,51.0,0.0,0.0,190.0,20.0,,1015.0,0.0,3,Chaco,20.0,23.8,5.1
2025-11-23 15:00:00,26.0,14.1,48.0,0.0,0.0,180.0,19.0,,1014.0,0.0,3,Chaco,20.0,23.6,5.1
2025-11-23 16:00:00,26.0,13.1,45.0,0.0,0.0,180.0,20.0,,1013.0,0.0,3,Chaco,20.0,23.1,2.6
2025-11-23 17:00:00,26.0,12.1,42.0,0.0,0.0,180.0,20.0,,1013.0,0.0,3,Chaco,20.0,22.8,2.6
2025-11-23 18:00:00,26.0,12.1,42.0,0.0,0.0,180.0,19.0,,1012.0,0.0,2,Chaco,20.0,23.0,1.1
2025-11-23 19:00:00,24.0,12.9,50.0,0.0,0.0,170.0,13.0,,1012.0,0.0,1,Chaco,20.0,22.4,0.9
2025-11-23 20:00:00,23.0,14.0,57.0,0.0,0.0,190.0,9.0,,1012.0,0.0,1,Chaco,20.0,22.5,0.9
2025-11-23 21:00:00,20.0,13.9,68.0,0.0,0.0,180.0,7.0,,1013.0,0.0,1,Chaco,20.0,19.9,0.8
2025-11-23 22:00:00,19.0,14.0,73.0,0.0,0.0,190.0,6.0,,1013.0,0.0,1,Chaco,20.0,19.1,0.8
2025-11-23 23:00:00,18.0,13.9,77.0,0.0,0.0,190.0,4.0,,1013.0,0.0,1,Chaco,20.0,18.5,0.8
2025-11-24 00:00:00,18.0,13.9,77.0,0.0,0.0,180.0,4.0,,1013.0,0.0,1,Chaco,20.0,18.5,0.8
2025-11-24 01:00:00,17.0,14.1,83.0,0.0,0.0,190.0,3.0,,1013.0,0.0,1,Chaco,20.0,17.7,0.8
2025-11-24 02:00:00,16.0,12.9,82.0,0.0,0.0,180.0,3.0,,1012.0,0.0,1,Chaco,20.0,16.3,0.8
2025-11-24 03:00:00,15.0,13.0,88.0,0.0,0.0,180.0,5.0,,1012.0,0.0,1,Chaco,1.6,15.0,0.8
2025-11-24 04:00:00,15.0,13.0,88.0,0.0,0.0,190.0,5.0,,1012.0,0.0,1,Chaco,1.6,15.0,0.8
2025-11-24 05:00:00,15.0,13.0,88.0,0.0,0.0,180.0,4.0,,1012.0,0.0,1,Chaco,1.6,15.2,0.8
2025-11-24 06:00:00,15.0,13.0,88.0,0.0,0.0,180.0,4.0,,1013.0,0.0,1,Chaco,1.6,15.2,0.8
2025-11-24 07:00:00,17.0,15.0,88.0,0.0,0.0,180.0,5.0,,1013.0,0.0,1,Chaco,1.6,17.6,0.8
2025-11-24 08:00:00,19.0,16.0,83.0,0.0,0.0,160.0,8.0,,1013.0,0.0,1,Chaco,20.0,19.4,3.2
2025-11-24 09:00:00,21.0,17.0,78.0,0.0,0.0,160.0,6.0,,1013.0,0.0,1,Chaco,20.0,22.2,3.2
2025-11-24 10:00:00,24.0,14.9,57.0,0.0,0.0,170.0,5.0,,1013.0,0.0,1,Chaco,20.0,24.6,7.5
2025-11-24 11:00:00,25.0,11.9,44.0,0.0,0.0,170.0,9.0,,1013.0,0.0,1,Chaco,20.0,23.8,8.0
2025-11-24 12:00:00,26.0,13.1,45.0,0.0,0.0,180.0,8.0,,1013.0,0.0,1,Chaco,20.0,25.4,8.5
2025-11-24 13:00:00,26.0,13.1,45.0,0.0,0.0,170.0,5.0,,1012.0,0.0,1,Chaco,20.0,26.0,8.5
2025-11-24 14:00:00,27.0,13.0,42.0,0.0,0.0,180.0,8.0,,1011.0,0.0,1,Chaco,20.0,27.0,9.1
2025-11-24 15:00:00,27.0,13.0,42.0,0.0,0.0,200.0,6.0,,1010.0,0.0,1,Chaco,20.0,27.0,9.1
2025-11-24 16:00:00,28.0,11.1,35.0,0.0,0.0,160.0,6.0,,1010.0,0.0,1,Chaco,20.0,27.2,4.8
2025-11-24 17:00:00,27.0,11.8,39.0,0.0,0.0,140.0,6.0,,1009.0,0.0,1,Chaco,20.0,26.4,4.5
2025-11-24 18:00:00,27.0,14.0,45.0,0.0,0.0,140.0,5.0,,1009.0,0.0,1,Chaco,20.0,27.1,1.1
2025-11-24 19:00:00,26.0,14.1,48.0,0.0,0.0,140.0,6.0,,1009.0,0.0,1,Chaco,20.0,26.1,1.1
2025-11-24 20:00:00,24.0,14.9,57.0,0.0,0.0,140.0,5.0,,1009.0,0.0,1,Chaco,20.0,24.6,0.9
2025-11-24 21:00:00,22.0,15.1,65.0,0.0,0.0,130.0,5.0,,1010.0,0.0,1,Chaco,20.0,22.7,0.8
2025-11-24 22:00:00,20.0,15.0,73.0,0.0,0.0,160.0,5.0,,1011.0,0.0,1,Chaco,20.0,20.6,0.8
2025-11-24 23:00:00,19.0,15.1,78.0,0.0,0.0,180.0,3.0,,1011.0,0.0,1,Chaco,20.0,20.1,0.8
2025-11-25 00:00:00,18.0,15.1,83.0,0.0,0.0,180.0,2.0,,1011.0,0.0,1,Chaco,20.0,19.3,0.8
2025-11-25 01:00:00,18.0,15.1,83.0,0.0,0.0,260.0,2.0,,1011.0,0.0,1,Chaco,20.0,19.3,0.8
2025-11-25 02:00:00,17.0,15.0,88.0,0.0,0.0,290.0,4.0,,1011.0,0.0,1,Chaco,1.6,17.8,0.8
2025-11-25 03:00:00,17.0,15.0,88.0,0.0,0.0,220.0,3.0,,1011.0,0.0,1,Chaco,1.6,18.0,0.8
2025-11-25 04:00:00,16.0,14.0,88.0,0.0,0.0,220.0,4.0,,1011.0,0.0,1,Chaco,1.6,16.5,0.8
2025-11-25 05:00:00,16.0,15.0,94.0,0.0,0.0,160.0,4.0,,1011.0,0.0,1,Chaco,2.8,16.9,0.8
2025-11-25 06:00:00,15.0,14.0,94.0,0.0,0.0,150.0,2.0,,1011.0,0.0,1,Chaco,2.8,15.9,0.8
2025-11-25 07:00:00,17.0,15.0,88.0,0.0,0.0,130.0,2.0,,1011.0,0.0,1,Chaco,1.6,18.2,0.8
2025-11-25 08:00:00,21.0,16.0,73.0,0.0,0.0,160.0,5.0,,1011.0,0.0,1,Chaco,20.0,22.0,3.2
2025-11-25 09:00:00,25.0,13.8,50.0,0.0,0.0,130.0,5.0,,1012.0,0.0,1,Chaco,20.0,25.2,4.0
2025-11-25 10:00:00,26.0,14.1,48.0,0.0,0.0,81.0,3.0,,1012.0,0.0,1,Chaco,20.0,26.7,8.5
2025-11-25 11:00:00,27.0,15.0,48.0,0.0,0.0,38.0,5.0,,1012.0,0.0,1,Chaco,20.0,27.3,9.1
2025-11-25 12:00:00,28.0,16.0,48.0,0.0,0.0,10.0,5.0,,1012.0,0.0,1,Chaco,20.0,28.3,9.6
2025-11-25 13:00:00,29.0,15.1,43.0,0.0,0.0,30.0,5.0,,1011.0,0.0,1,Chaco,20.0,28.9,9.6
2025-11-25 14:00:00,30.0,14.1,38.0,0.0,0.0,70.0,5.0,,1011.0,0.0,1,Chaco,20.0,30.3,9.6
2025-11-25 15:00:00,31.0,14.2,36.0,0.0,0.0,293.0,4.0,,1010.0,0.0,1,Chaco,20.0,31.5,9.6
2025-11-25 16:00:00,30.3,9.7,28.0,0.0,0.0,81.0,5.0,,1009.7,0.0,1,Chaco,20.0,29.3,4.8
2025-11-25 17:00:00,30.0,10.0,29.0,0.0,0.0,103.0,6.5,,1009.4,0.0,1,Chaco,20.0,28.8,4.8
2025-11-25 18:00:00,28.6,14.4,42.0,0.0,0.0,116.0,7.2,,1009.0,0.0,1,Chaco,20.0,28.4,1.2
2025-11-25 19:00:00,25.9,16.4,56.0,0.0,0.0,135.0,8.6,,1009.3,0.0,1,Chaco,20.0,26.4,1.1
2025-11-25 20:00:00,23.8,15.0,58.0,0.0,0.0,155.0,6.8,,1009.8,0.0,1,Chaco,20.0,24.1,0.9
2025-11-25 21:00:00,23.2,14.5,58.0,0.0,0.0,153.0,6.8,,1010.6,0.0,1,Chaco,20.0,23.3,0.9
2025-11-25 22:00:00,22.9,15.0,61.0,0.0,0.0,149.0,6.8,,1011.1,0.0,1,Chaco,20.0,23.2,0.9
2025-11-25 23:00:00,22.5,16.1,67.0,0.0,0.0,148.0,6.8,,1011.6,0.0,1,Chaco,20.0,23.2,0.8
2025-11-26 00:00:00,21.8,16.7,73.0,0.0,0.0,135.0,6.8,,1011.3,0.0,1,Chaco,20.0,22.8,0.8
2025-11-26 01:00:00,21.0,17.0,78.0,0.0,0.0,121.0,7.2,,1010.9,0.0,1,Chaco,20.0,22.0,0.8
2025-11-26 02:00:00,20.5,17.3,82.0,0.0,0.0,111.0,7.6,,1010.8,0.0,1,Chaco,20.0,21.5,0.8
2025-11-26 03:00:00,20.7,17.3,81.0,0.0,0.0,104.0,9.0,,1010.6,0.0,1,Chaco,20.0,21.5,0.8
2025-11-26 04:00:00,20.9,17.3,80.0,0.0,0.0,96.0,11.2,,1010.5,0.0,1,Chaco,20.0,21.2,0.8
2025-11-26 05:00:00,20.9,17.3,80.0,0.0,0.0,97.0,13.0,,1010.7,0.0,1,Chaco,20.0,20.9,0.8
2025-11-26 06:00:00,20.5,17.1,81.0,0.0,0.0,103.0,11.2,,1011.3,0.0,1,Chaco,20.0,20.8,0.8
2025-11-26 07:00:00,21.3,17.5,79.0,0.0,0.0,96.0,11.9,,1012.2,0.0,1,Chaco,20.0,21.6,0.8
2025-11-26 08:00:00,23.1,18.2,74.0,0.0,0.0,72.0,8.3,,1012.8,0.0,1,Chaco,20.0,24.4,3.5
2025-11-26 09:00:00,25.3,18.7,67.0,0.0,0.0,86.0,7.2,,1012.9,0.0,1,Chaco,20.0,27.0,4.1
2025-11-26 10:00:00,27.7,18.9,59.0,0.0,0.0,80.0,7.9,,1012.5,0.0,1,Chaco,20.0,28.9,9.4
2025-11-26 11:00:00,29.7,18.8,52.0,0.0,0.0,58.0,10.4,,1012.0,0.0,1,Chaco,20.0,30.9,9.6
2025-11-26 12:00:00,31.1,17.7,45.0,0.0,0.0,38.0,11.5,,1011.4,0.0,1,Chaco,20.0,31.8,9.6
2025-11-26 13:00:00,31.9,16.2,39.0,0.0,0.0,31.0,10.4,,1010.5,0.0,1,Chaco,20.0,31.9,9.6
2025-11-26 14:00:00,32.4,16.2,38.0,0.0,0.0,39.0,9.0,,1009.4,0.0,1,Chaco,20.0,32.7,9.6
2025-11-26 15:00:00,32.5,16.3,38.0,0.0,0.0,59.0,9.0,,1008.4,0.0,1,Chaco,20.0,32.9,9.6
2025-11-26 16:00:00,32.3,16.6,39.0,0.0,0.0,72.0,10.1,,1007.5,0.0,1,Chaco,20.0,32.5,4.8
2025-11-26 17:00:00,31.6,16.7,41.0,0.0,0.0,72.0,11.2,,1006.8,0.0,1,Chaco,20.0,31.9,4.8
2025-11-26 18:00:00,30.2,18.6,50.0,0.0,0.0,79.0,10.8,,1006.6,0.0,1,Chaco,20.0,31.3,1.2
2025-11-26 19:00:00,28.0,18.7,57.0,0.0,0.0,80.0,10.4,,1006.7,0.0,2,Chaco,20.0,29.1,1.2
2025-11-26 20:00:00,26.4,18.0,60.0,0.0,0.0,81.0,10.1,,1007.3,0.0,2,Chaco,20.0,27.2,1.1
2025-11-26 21:00:00,26.0,17.4,59.0,0.0,0.0,81.0,10.8,,1008.0,0.0,2,Chaco,20.0,26.4,1.1
2025-11-26 22:00:00,25.2,16.6,59.0,0.0,0.0,70.0,12.6,,1008.8,0.0,2,Chaco,20.0,25.0,1.0
2025-11-26 23:00:00,24.4,17.1,64.0,0.0,0.0,60.0,11.9,,1009.1,0.0,2,Chaco,20.0,24.5,1.0
2025-11-27 00:00:00,23.7,17.4,68.0,0.0,0.0,52.0,10.1,,1008.9,0.0,1,Chaco,20.0,24.3,0.9
2025-11-27 01:00:00,23.4,17.4,69.0,0.0,0.0,47.0,10.4,,1008.2,0.0,1,Chaco,20.0,23.9,0.9
2025-11-27 02:00:00,23.3,17.1,68.0,0.0,0.0,44.0,10.8,,1007.7,0.0,1,Chaco,20.0,23.6,0.9
2025-11-27 03:00:00,23.0,17.0,69.0,0.0,0.0,51.0,11.2,,1007.5,0.0,1,Chaco,20.0,23.2,0.9
2025-11-27 04:00:00,22.6,17.1,71.0,0.0,0.0,50.0,10.8,,1007.4,0.0,1,Chaco,20.0,22.9,0.8
2025-11-27 05:00:00,22.5,17.2,72.0,0.0,0.0,46.0,11.9,,1007.5,0.0,1,Chaco,20.0,22.6,0.8
2025-11-27 06:00:00,22.1,17.2,74.0,0.0,0.0,39.0,11.5,,1008.0,0.0,2,Chaco,20.0,22.3,0.8
2025-11-27 07:00:00,22.9,18.0,74.0,0.0,0.0,40.0,12.6,,1008.5,0.0,1,Chaco,20.0,23.3,0.9
2025-11-27 08:00:00,24.9,19.3,71.0,0.0,0.0,46.0,11.9,,1008.9,0.0,1,Chaco,20.0,25.9,4.0
2025-11-27 09:00:00,26.8,19.2,63.0,0.0,0.0,41.0,12.2,,1009.3,0.0,1,Chaco,20.0,27.7,4.5
2025-11-27 10:00:00,28.8,19.4,57.0,0.0,0.0,36.0,13.0,,1009.7,0.0,1,Chaco,20.0,30.3,9.6
2025-11-27 11:00:00,30.5,19.5,52.0,0.0,0.0,33.0,12.6,,1009.6,0.0,1,Chaco,20.0,32.2,9.6
2025-11-27 12:00:00,32.1,19.0,46.0,0.0,0.0,28.0,12.6,,1009.0,0.0,1,Chaco,20.0,33.6,9.6
2025-11-27 13:00:00,33.3,17.0,38.0,0.0,0.0,23.0,12.2,,1008.3,0.0,1,Chaco,20.0,33.3,9.6
2025-11-27 14:00:00,34.0,16.3,35.0,0.0,0.0,33.0,9.7,,1007.3,0.0,1,Chaco,20.0,34.2,9.6
2025-11-27 15:00:00,34.3,16.2,34.0,0.0,0.0,56.0,8.6,,1006.4,0.0,1,Chaco,20.0,34.7,9.6
2025-11-27 16:00:00,34.3,16.6,35.0,0.0,0.0,73.0,7.9,,1005.6,0.0,1,Chaco,20.0,35.0,4.8
2025-11-27 17:00:00,33.7,17.0,37.0,0.0,0.0,86.0,7.6,,1005.2,0.0,2,Chaco,20.0,34.6,4.8
2025-11-27 18:00:00,32.3,19.5,47.0,0.0,0.0,108.0,7.2,,1005.3,0.0,3,Chaco,20.0,34.2,0.7
2025-11-27 19:00:00,29.4,20.0,57.0,0.0,0.0,110.0,7.6,,1006.0,0.0,2,Chaco,20.0,31.2,1.2
2025-11-27 20:00:00,27.9,18.9,58.0,0.0,0.0,106.0,8.6,,1006.8,0.0,3,Chaco,20.0,29.1,0.7
2025-11-27 21:00:00,27.0,18.0,58.0,0.0,0.0,91.0,8.3,,1007.6,0.0,3,Chaco,20.0,27.9,0.7
2025-11-27 22:00:00,26.2,18.1,61.0,0.0,0.0,94.0,7.9,,1008.1,0.0,3,Chaco,20.0,27.5,0.6
2025-11-27 23:00:00,25.9,18.3,63.0,0.0,0.0,108.0,11.5,,1008.2,0.0,3,Chaco,20.0,26.6,0.6
2025-11-28 00:00:00,25.6,19.0,67.0,0.0,0.0,113.0,13.3,,1007.9,0.0,3,Chaco,20.0,26.3,0.6
